IP,cf-meta-ip,端口,速度(Mbps),CF归属国,机房,TCP延迟(ms),TLS延迟(ms)
40.233.110.251,2603:c021:4:9a88::1018,443,199.94,CA,YYZ,190.54,60.51
72.11.146.199,72.11.146.199,443,146.0,CA,YYZ,120.51,128.15
167.160.190.137,167.160.190.137,443,60.12,CA,YYZ,21.92,29.78
40.233.116.225,40.233.116.225,443,42.71,CA,YYZ,19.6,26.1
40.233.68.138,40.233.68.138,443,15.65,CA,YYZ,33.09,27.57
40.233.71.238,2603:c021:5:8c88::1006,443,14.12,CA,YYZ,37.79,30.92
140.238.144.211,2603:c021:4:9a88::1022,443,11.41,CA,YYZ,16.83,34.95
159.203.2.180,159.203.2.180,443,6.8,CA,YYZ,18.61,31.6
72.11.145.117,72.11.145.117,443,5.9,CA,YYZ,22.02,66.38
45.133.16.41,45.133.16.41,443,5.68,CA,YYZ,19.25,46.17
40.233.77.216,2603:c021:5:8c88::825,443,5.35,CA,YYZ,21.24,29.99
40.233.103.212,2603:c021:5:8c88::1008,443,4.32,CA,YYZ,18.56,29.01
150.242.90.205,150.242.90.205,443,3.85,CA,YVR,67.59,78.21
65.49.232.101,65.49.232.101,443,2.87,CA,YVR,87.14,90.9
68.233.122.42,68.233.122.42,443,2.31,CA,YUL,53.12,59.16
40.233.87.120,2603:c021:4:9a88::1016,443,1.62,CA,YYZ,28.91,33.74
84.234.17.132,84.234.17.132,443,8.8,CH,LYS,99.01,124.17
141.227.139.220,141.227.139.220,443,8.77,CH,ZRH,99.31,171.16
84.234.17.132,84.234.17.132,8443,8.26,CH,LYS,116.79,145.31
141.227.150.38,141.227.150.38,443,6.22,CH,ZRH,93.52,93.99
146.70.71.157,146.70.71.157,443,5.59,CH,FRA,100.53,145.96
152.67.64.55,152.67.64.55,443,4.55,CH,ZRH,102.27,129.89
107.189.30.77,107.189.30.77,443,4.37,CH,ZRH,114.64,109.4
140.238.208.210,140.238.208.210,443,4.16,CH,ZRH,98.81,109.2
83.228.193.229,83.228.193.229,443,3.05,CH,GVA,103.48,106.9
51.34.85.34,51.34.85.34,443,2.84,CH,ZRH,96.22,101.83
83.228.193.162,83.228.193.162,443,2.68,CH,LYS,116.8,126.84
83.228.193.177,83.228.193.177,443,2.38,CH,LYS,103.69,136.07
82.38.139.231,82.38.139.231,443,2.29,CH,ZRH,103.59,121.27
83.228.193.188,83.228.193.188,8443,2.23,CH,LYS,160.19,131.0
83.228.193.229,83.228.193.229,8443,2.19,CH,LYS,108.67,138.08
83.228.193.177,83.228.193.177,8443,2.09,CH,LYS,110.14,131.22
87.120.222.199,87.120.222.199,443,2.04,CH,ZRH,189.77,196.49
176.10.125.114,176.10.125.114,443,1.86,CH,ZRH,98.37,106.61
84.234.16.169,84.234.16.169,8443,1.79,CH,LYS,135.56,115.64
83.228.198.53,83.228.198.53,8443,1.7,CH,LYS,127.53,162.2
83.228.193.188,83.228.193.188,443,1.69,CH,GVA,112.32,101.65
83.228.193.162,83.228.193.162,8443,1.69,CH,LYS,117.44,133.82
84.234.16.169,84.234.16.169,443,1.6,CH,LYS,103.66,122.62
171.22.16.237,171.22.16.237,443,1.55,CH,ZRH,194.07,214.38
91.245.225.17,91.245.225.17,443,1.53,CH,ZRH,97.46,111.11
45.143.200.211,45.143.200.211,443,1.48,CH,ZRH,197.8,201.03
45.85.93.49,45.85.93.49,443,1.48,CH,ZRH,101.48,128.84
82.38.64.162,82.38.64.162,443,1.47,CH,ZRH,103.73,116.23
45.143.200.135,45.143.200.135,443,1.42,CH,ZRH,210.93,212.09
87.120.222.39,87.120.222.39,443,1.42,CH,ZRH,201.53,249.64
83.228.198.53,83.228.198.53,443,1.42,CH,GVA,131.21,131.96
87.120.222.188,87.120.222.188,443,1.39,CH,ZRH,208.25,203.72
167.17.181.45,167.17.181.45,443,1.36,CH,ZRH,205.19,211.05
45.143.200.245,45.143.200.245,443,1.35,CH,ZRH,203.95,214.2
45.148.102.244,45.148.102.244,443,1.31,CH,ZRH,216.27,216.6
87.120.222.207,87.120.222.207,443,1.31,CH,ZRH,210.37,246.49
167.17.181.72,167.17.181.72,443,1.3,CH,WAW,223.18,257.35
38.180.85.203,38.180.85.203,443,1.25,CH,MXP,102.3,136.72
152.67.85.239,152.67.85.239,443,1.23,CH,ZRH,112.92,111.71
87.120.222.168,87.120.222.168,443,1.2,CH,ZRH,194.55,201.85
45.143.200.141,45.143.200.141,443,1.2,CH,ZRH,200.2,206.52
87.120.222.207,87.120.222.207,8443,1.2,CH,ZRH,209.98,224.62
194.156.102.142,194.156.102.142,443,1.19,CH,ZRH,225.79,212.81
82.38.64.166,82.38.64.166,443,1.19,CH,ZRH,119.27,158.19
45.85.93.45,45.85.93.45,443,1.12,CH,LYS,110.87,246.09
91.245.225.69,91.245.225.69,443,1.1,CH,ZRH,97.76,177.38
140.238.209.8,140.238.209.8,443,1.06,CH,ZRH,126.55,104.48
193.228.128.110,193.228.128.110,443,1.02,CH,ZRH,204.3,194.56
132.243.253.10,132.243.253.10,443,1.01,CH,ZRH,206.59,213.28
195.58.38.9,195.58.38.9,443,11.27,DE,FRA,111.85,135.98
185.189.58.222,185.189.58.222,443,10.51,DE,FRA,175.77,113.54
91.199.118.151,91.199.118.151,2053,10.46,DE,PRG,109.44,114.29
152.53.12.245,152.53.12.245,8443,10.21,DE,FRA,95.92,157.3
194.164.234.15,194.164.234.15,443,10.21,DE,FRA,92.49,111.36
213.165.55.207,213.165.55.207,443,9.77,DE,FRA,106.7,112.74
193.23.202.35,193.23.202.35,443,8.98,DE,FRA,141.76,110.02
152.53.228.252,152.53.228.252,8443,8.85,DE,FRA,103.58,134.0
152.53.228.252,152.53.228.252,443,8.84,DE,FRA,94.02,138.45
146.103.42.140,146.103.42.140,443,8.81,DE,FRA,116.3,120.1
152.53.15.96,152.53.15.96,443,8.62,DE,FRA,111.89,111.94
152.53.15.90,152.53.15.90,443,8.47,DE,FRA,95.72,126.18
152.53.15.90,152.53.15.90,8443,8.28,DE,AMS,94.09,176.75
91.199.118.151,91.199.118.151,443,8.21,DE,PRG,97.59,133.36
82.115.19.143,82.115.19.143,443,8.02,DE,FRA,100.46,142.49
77.239.98.122,77.239.98.122,443,8.0,DE,FRA,99.7,184.37
91.107.171.251,2a01:4f8:1c17:c311::1,443,7.98,DE,FRA,258.65,248.06
152.53.15.96,152.53.15.96,8443,7.95,DE,FRA,103.24,158.01
95.85.230.15,95.85.230.15,443,7.82,DE,FRA,101.56,184.75
37.221.196.43,37.221.196.43,8443,7.67,DE,FRA,103.74,142.45
91.107.155.13,91.107.155.13,443,7.52,DE,CDG,96.15,132.38
152.53.12.245,152.53.12.245,443,7.46,DE,FRA,97.81,112.22
89.58.40.177,89.58.40.177,443,7.33,DE,FRA,99.49,114.39
91.107.251.113,91.107.251.113,443,7.29,DE,CDG,105.36,142.37
37.221.196.43,37.221.196.43,443,7.27,DE,FRA,114.55,135.49
91.107.255.196,91.107.255.196,8443,7.25,DE,CDG,110.09,127.81
89.58.13.3,89.58.13.3,8443,7.16,DE,FRA,108.39,119.1
89.58.13.46,89.58.13.46,8443,6.93,DE,FRA,99.97,132.45
45.43.88.219,45.43.88.219,443,6.86,DE,FRA,113.16,103.77
88.99.92.84,88.99.92.84,443,6.55,DE,FRA,153.36,219.18
85.121.53.39,85.121.53.39,443,6.34,DE,FRA,120.32,104.39
57.129.47.52,57.129.47.52,443,6.31,DE,FRA,95.96,119.16
194.180.188.241,194.180.188.241,443,6.21,DE,FRA,92.7,105.02
94.16.113.171,94.16.113.171,8443,6.08,DE,FRA,100.86,110.31
89.58.13.46,89.58.13.46,443,5.88,DE,FRA,99.69,122.31
89.58.13.3,89.58.13.3,443,5.81,DE,FRA,98.79,130.07
91.107.255.196,91.107.255.196,443,5.63,DE,CDG,106.54,128.07
162.221.196.158,162.221.196.158,443,5.37,DE,FRA,98.55,102.12
37.120.191.25,37.120.191.25,8443,5.29,DE,FRA,102.63,148.4
5.75.182.89,5.75.182.89,443,5.17,DE,CDG,99.82,133.77
91.199.118.151,91.199.118.151,8443,5.16,DE,PRG,103.69,135.72
188.245.161.141,2a01:4f8:c17:1e71::1,443,5.15,DE,FRA,111.34,192.13
185.66.165.51,185.66.165.4,443,5.14,DE,LHR,110.83,137.89
37.120.191.200,37.120.191.200,8443,5.07,DE,HAM,102.62,135.9
116.202.132.205,2a01:4f8:231:4c65::2,443,5.02,DE,FRA,103.74,111.09
94.156.114.13,94.156.114.13,443,4.99,DE,FRA,109.05,118.4
91.107.251.113,91.107.251.113,8443,4.96,DE,CDG,101.16,148.49
94.228.168.17,94.228.168.17,443,4.92,DE,FRA,95.51,101.61
89.58.40.177,89.58.40.177,8443,4.73,DE,FRA,99.66,116.3
92.118.8.206,92.118.8.206,443,4.65,DE,FRA,91.48,106.18
57.129.47.52,57.129.47.52,8443,4.62,DE,FRA,104.64,106.74
89.19.209.6,89.19.209.6,443,4.6,DE,AMS,88.55,110.04
148.153.94.137,148.153.94.137,443,4.59,DE,FRA,94.49,120.0
94.16.113.171,94.16.113.171,443,4.54,DE,FRA,116.26,120.28
89.40.117.130,89.40.117.130,443,4.5,DE,FRA,89.05,98.35
152.53.118.28,152.53.118.28,443,4.45,DE,FRA,94.29,116.79
152.53.118.28,152.53.118.28,8443,4.42,DE,FRA,94.87,110.69
91.107.155.13,91.107.155.13,8443,4.32,DE,CDG,95.72,136.65
217.154.94.41,2a01:239:3bf:dd00::1,443,4.15,DE,FRA,115.42,141.59
49.13.220.86,49.13.220.86,443,4.06,DE,FRA,96.69,112.94
213.183.44.184,2a06:f902:1:100::199,443,4.04,DE,FRA,92.64,109.56
37.221.198.204,37.221.198.204,443,4.03,DE,FRA,107.83,116.6
185.68.184.15,185.68.184.15,443,3.95,DE,FRA,91.68,112.2
152.53.117.32,152.53.117.32,443,3.89,DE,FRA,95.02,114.66
194.87.71.141,194.87.71.141,443,3.78,DE,FRA,93.83,106.5
37.120.191.25,37.120.191.25,443,3.76,DE,FRA,105.8,139.93
64.188.68.11,2a12:bec4:1bb0:bbe::2,443,3.7,DE,FRA,100.73,97.88
192.91.186.156,192.91.186.156,443,3.6,DE,FRA,93.21,100.3
46.232.250.99,46.232.250.99,443,3.44,DE,FRA,91.67,110.42
37.221.198.204,37.221.198.204,8443,3.37,DE,FRA,117.58,115.33
37.120.191.200,37.120.191.200,443,3.29,DE,HAM,116.88,135.95
152.53.117.32,152.53.117.32,8443,3.26,DE,FRA,94.54,128.08
142.132.178.99,142.132.178.99,443,3.2,DE,FRA,98.55,123.57
185.242.113.117,185.242.113.117,443,3.17,DE,FRA,91.95,96.5
152.53.144.202,152.53.144.202,8443,3.12,DE,FRA,96.09,109.14
5.44.46.142,5.44.46.142,443,3.01,DE,AMS,89.84,108.62
94.16.114.25,94.16.114.25,8443,2.97,DE,FRA,111.72,125.21
193.26.159.9,193.26.159.9,443,2.96,DE,FRA,102.41,104.86
193.26.159.9,193.26.159.9,8443,2.94,DE,HAM,91.44,129.5
135.125.191.9,135.125.191.9,8443,2.93,DE,FRA,92.43,103.43
147.45.210.78,147.45.210.78,443,2.85,DE,FRA,92.99,105.01
62.60.216.204,2a01:e5c0:57f1::2,443,2.84,DE,FRA,109.97,96.94
152.53.224.23,152.53.224.23,443,2.81,DE,FRA,112.39,119.6
89.58.45.162,89.58.45.162,8443,2.7,DE,FRA,108.97,109.28
5.75.159.159,2a01:4f8:c0c:2cf7::1,443,2.68,DE,CDG,105.17,127.65
37.120.186.102,37.120.186.102,8443,2.67,DE,FRA,100.95,111.73
91.107.148.154,91.107.148.154,443,2.66,DE,CDG,97.38,149.26
80.253.251.30,80.253.251.30,443,2.62,DE,FRA,96.19,98.31
193.124.92.58,193.124.92.58,443,2.6,DE,FRA,91.09,99.63
91.107.158.77,91.107.158.77,8443,2.59,DE,CDG,99.39,126.17
159.195.22.104,159.195.22.104,443,2.55,DE,FRA,96.57,121.14
213.108.198.116,213.108.198.116,443,2.54,DE,FRA,97.55,120.75
91.107.250.153,91.107.250.153,8443,2.54,DE,CDG,99.64,127.39
91.107.158.77,91.107.158.77,443,2.54,DE,CDG,99.87,125.65
195.54.33.164,195.54.33.164,443,2.54,DE,FRA,96.63,96.29
185.233.81.207,2a04:5201:4::1c7,443,2.51,DE,FRA,97.35,97.92
163.5.187.49,163.5.187.49,2053,2.42,DE,FRA,93.18,103.2
167.71.45.93,167.71.45.93,8443,2.4,DE,FRA,98.75,109.98
62.60.216.169,62.60.216.169,443,2.38,DE,FRA,113.96,150.33
130.61.187.66,130.61.187.66,443,2.38,DE,FRA,99.24,103.23
152.53.144.202,152.53.144.202,443,2.3,DE,FRA,94.03,114.14
91.107.250.153,91.107.250.153,443,2.27,DE,CDG,98.11,137.83
83.147.253.123,83.147.253.123,443,2.27,DE,FRA,125.51,174.6
167.71.45.93,167.71.45.93,443,2.26,DE,FRA,99.24,105.67
178.250.187.110,2a0f:cdc6:500:eb9::2,443,2.25,DE,FRA,100.67,113.95
198.186.131.222,198.186.131.222,443,2.25,DE,FRA,92.34,99.22
49.12.237.71,49.12.237.71,443,2.21,DE,CDG,104.32,184.58
144.31.62.254,144.31.62.254,443,2.21,DE,FRA,115.09,104.38
91.108.243.115,91.108.243.115,443,2.18,DE,FRA,109.23,119.96
91.149.233.78,2605:e440:1::3:211,443,2.15,DE,FRA,97.23,102.48
165.227.173.197,165.227.173.197,443,2.12,DE,FRA,89.76,95.84
94.16.113.129,94.16.113.129,8443,2.12,DE,HAM,100.53,137.62
37.120.186.102,37.120.186.102,443,2.1,DE,FRA,107.48,110.8
185.103.253.187,185.103.253.187,443,2.08,DE,FRA,118.61,100.28
91.107.148.154,91.107.148.154,8443,2.07,DE,CDG,96.82,143.42
159.195.22.104,159.195.22.104,8443,2.0,DE,FRA,103.48,119.28
152.53.224.23,152.53.224.23,8443,1.99,DE,FRA,95.58,119.95
152.53.142.246,152.53.142.246,8443,1.98,DE,FRA,94.5,132.04
195.58.38.63,2a0f:cdc6:500:f2b::2,443,1.98,DE,FRA,125.46,109.66
168.119.176.199,168.119.176.199,443,1.92,DE,FRA,104.51,113.86
94.16.114.25,94.16.114.25,443,1.88,DE,FRA,113.87,116.52
135.125.191.9,135.125.191.9,443,1.84,DE,FRA,94.14,99.41
103.7.55.147,103.7.55.147,443,1.82,DE,FRA,129.66,107.02
45.9.116.160,45.9.116.160,443,1.74,DE,FRA,106.68,114.56
116.203.58.165,116.203.58.165,443,1.74,DE,CDG,123.65,129.45
94.125.101.103,94.125.101.103,443,1.65,DE,FRA,108.98,101.46
5.75.159.159,2a01:4f8:c0c:2cf7::1,8443,1.6,DE,CDG,97.72,128.88
193.37.70.63,193.37.70.63,443,1.6,DE,FRA,108.84,154.0
31.172.73.59,31.172.73.59,443,1.58,DE,AMS,92.53,131.85
46.101.243.64,46.101.243.64,443,1.58,DE,FRA,92.61,96.83
79.132.138.87,2a02:6b40:2000:149a::1,443,1.55,DE,FRA,95.55,120.06
152.53.143.195,152.53.143.195,443,1.53,DE,FRA,95.27,114.43
94.16.113.129,94.16.113.129,443,1.52,DE,HAM,99.43,136.58
82.152.94.2,67.220.82.10,443,1.51,DE,FRA,180.39,184.27
152.53.87.153,152.53.87.153,443,1.5,DE,FRA,96.26,168.48
188.245.102.244,188.245.102.244,443,1.45,DE,CDG,102.68,141.44
193.135.137.79,193.135.137.79,443,1.45,DE,FRA,94.51,111.08
89.58.15.204,89.58.15.204,8443,1.42,DE,FRA,103.54,122.36
152.53.143.195,152.53.143.195,8443,1.41,DE,FRA,94.48,108.89
92.51.36.40,92.51.36.40,443,1.39,DE,AMS,109.09,103.95
5.231.45.40,5.231.45.40,443,1.36,DE,FRA,123.16,102.93
46.232.250.99,46.232.250.99,8443,1.34,DE,FRA,96.11,110.6
92.42.96.240,92.42.96.240,443,1.32,DE,FRA,122.23,104.82
91.149.223.242,2605:e440:1::2:c3,443,1.31,DE,FRA,110.16,107.57
45.147.228.249,45.147.228.249,443,1.3,DE,FRA,95.21,100.52
91.107.152.178,91.107.152.178,443,1.28,DE,CDG,98.06,137.03
152.53.87.153,152.53.87.153,8443,1.26,DE,FRA,95.33,122.06
195.245.239.135,195.245.239.135,2053,1.25,DE,FRA,91.34,100.16
89.58.45.162,89.58.45.162,443,1.22,DE,FRA,99.09,119.07
172.86.95.236,172.86.95.236,443,1.21,DE,FRA,90.94,122.19
94.228.161.238,2a0f:cdc6:500:142c::2,443,1.18,DE,FRA,111.15,108.03
85.234.100.221,85.234.100.221,443,1.11,DE,FRA,111.26,110.95
5.231.45.40,5.231.45.40,8443,1.09,DE,FRA,103.38,117.29
185.209.82.152,185.209.82.152,443,1.02,DE,FRA,93.06,113.64
91.211.114.208,91.211.114.208,443,8.84,FI,ARN,110.03,125.35
45.12.146.12,45.12.146.12,443,8.71,FI,ARN,127.57,245.01
45.14.165.234,45.14.165.234,443,8.5,FI,ARN,110.04,167.65
95.81.93.49,95.81.93.49,2053,8.35,FI,HEL,108.59,124.2
87.121.105.12,87.121.105.12,443,8.25,FI,TLL,113.43,115.43
78.153.139.207,78.153.139.207,443,8.07,FI,ARN,131.74,136.81
31.77.224.4,23.236.111.4,443,7.98,FI,HEL,135.47,197.46
62.60.153.148,62.60.153.148,443,7.72,FI,MXP,107.87,202.69
193.47.60.247,193.47.60.247,443,7.56,FI,ARN,119.4,163.21
104.128.131.94,104.128.131.94,443,7.52,FI,TLL,108.94,137.13
206.245.135.117,206.245.135.117,443,7.39,FI,ARN,112.81,163.33
89.22.227.108,89.22.227.108,443,7.13,FI,MXP,112.73,208.71
193.168.198.220,193.168.198.220,443,7.07,FI,ARN,134.63,141.34
45.14.165.234,45.14.165.234,8443,6.89,FI,HEL,121.79,140.76
168.222.253.41,168.222.253.41,443,6.87,FI,ARN,130.45,143.96
95.214.9.167,95.214.9.167,443,6.79,FI,HEL,172.22,189.67
95.85.250.216,95.85.250.216,443,6.35,FI,HEL,113.68,198.21
82.25.185.46,82.25.185.46,443,6.34,FI,HEL,128.11,203.05
66.151.34.156,66.151.34.156,443,6.15,FI,HEL,116.38,124.34
212.237.219.37,212.237.219.37,443,6.06,FI,HEL,120.05,323.96
95.81.93.49,95.81.93.49,443,6.05,FI,ARN,118.75,131.71
202.71.12.226,202.71.12.226,443,6.04,FI,ARN,116.72,166.16
135.136.181.199,135.136.181.199,443,6.03,FI,HEL,119.5,139.0
66.151.35.226,66.151.35.226,443,5.87,FI,ARN,125.33,168.39
93.152.207.174,93.152.207.174,443,5.77,FI,HEL,107.48,142.09
185.94.167.223,185.94.167.223,443,5.44,FI,TLL,107.83,117.95
31.77.224.30,23.236.111.30,443,5.42,FI,HEL,129.1,128.12
89.125.210.106,89.125.210.106,443,5.36,FI,HEL,129.82,167.96
65.109.213.219,65.109.213.219,443,5.02,FI,AMS,115.63,201.8
64.188.93.187,64.188.93.187,443,4.99,FI,ARN,119.84,194.55
194.34.236.45,194.34.236.45,443,4.99,FI,ARN,118.18,128.21
81.177.214.250,81.177.214.250,443,4.96,FI,ARN,170.58,294.74
45.67.202.173,45.67.202.173,443,4.9,FI,ARN,122.9,163.49
212.87.222.32,212.87.222.32,443,4.73,FI,ARN,114.29,142.96
91.217.76.192,91.217.76.192,443,4.62,FI,HEL,111.44,121.12
65.109.188.1,65.109.188.1,8443,4.53,FI,AMS,180.7,200.1
151.245.140.204,151.245.140.204,443,4.44,FI,ARN,131.4,145.04
66.151.35.226,66.151.35.226,8443,4.36,FI,ARN,140.84,183.71
65.109.188.1,65.109.188.1,443,4.3,FI,AMS,160.12,188.86
109.120.157.29,109.120.157.29,443,4.25,FI,MXP,109.23,195.6
95.217.13.36,95.217.13.36,443,4.25,FI,HEL,124.56,209.88
38.244.136.91,38.244.136.91,443,4.13,FI,ARN,102.57,141.35
65.109.200.234,65.109.200.234,443,4.11,FI,AMS,116.55,181.74
144.31.184.200,144.31.184.200,443,4.1,FI,ARN,125.11,135.89
93.152.207.239,93.152.207.239,443,4.1,FI,TLL,123.8,241.24
65.109.213.219,65.109.213.219,8443,4.09,FI,AMS,115.37,182.84
84.22.150.176,84.22.150.176,443,4.02,FI,ARN,134.52,270.11
138.124.80.223,138.124.80.223,443,3.95,FI,HEL,115.4,131.69
192.145.29.16,192.145.29.16,443,3.91,FI,HEL,104.93,115.49
178.17.53.85,178.17.53.85,443,3.9,FI,ARN,110.14,137.6
45.12.146.156,45.12.146.156,443,3.85,FI,TLL,117.06,145.08
185.102.136.201,2a04:5201:2::a28,443,3.71,FI,ARN,106.27,126.85
138.124.75.161,138.124.75.161,443,3.69,FI,ARN,117.48,157.02
65.109.200.234,65.109.200.234,8443,3.66,FI,AMS,115.73,177.87
141.105.143.115,141.105.143.115,443,3.24,FI,HEL,119.93,131.76
138.124.80.249,138.124.80.249,8443,3.21,FI,HEL,124.84,139.8
95.217.237.91,95.217.237.91,443,3.19,FI,HEL,119.71,131.05
193.124.183.69,193.124.183.69,443,3.19,FI,TLL,106.62,113.64
78.17.39.165,78.17.39.165,2053,3.14,FI,TLL,100.57,122.41
141.105.143.115,141.105.143.115,8443,3.09,FI,HEL,114.56,132.92
138.124.80.249,138.124.80.249,443,3.04,FI,ARN,120.92,141.11
92.118.234.232,92.118.234.232,443,2.99,FI,ARN,120.77,152.52
38.244.137.183,38.244.137.183,443,2.95,FI,ARN,109.68,146.98
89.125.92.172,89.125.92.172,443,2.93,FI,ARN,117.35,151.6
45.12.151.185,45.12.151.185,443,2.8,FI,HEL,112.12,121.32
66.151.35.248,66.151.35.248,443,2.78,FI,ARN,125.8,152.94
185.156.108.133,185.156.108.133,443,2.78,FI,ARN,110.84,188.98
185.109.21.151,185.109.21.151,443,2.78,FI,ARN,102.75,133.04
150.251.152.227,150.251.152.227,443,2.74,FI,HEL,123.58,146.4
92.42.102.109,92.42.102.109,8443,2.68,FI,HEL,109.95,120.51
45.80.231.90,45.80.231.90,443,2.62,FI,ARN,115.73,137.17
195.96.156.240,195.96.156.240,443,2.6,FI,HEL,113.87,114.16
65.21.16.187,65.21.225.15,443,2.55,FI,HEL,116.49,120.31
185.106.94.143,185.106.94.143,443,2.54,FI,ARN,111.85,131.55
185.239.141.89,185.239.141.89,443,2.54,FI,HEL,157.83,139.49
89.167.77.55,89.167.77.55,443,2.5,FI,HEL,119.57,127.49
5.144.181.114,5.144.181.114,443,2.39,FI,TLL,106.18,112.01
144.31.243.19,144.31.243.19,8443,2.28,FI,ARN,111.23,132.81
87.239.250.142,87.239.250.142,443,2.28,FI,HEL,105.03,142.52
185.218.194.135,185.218.194.135,443,2.27,FI,HEL,104.9,123.24
192.145.29.34,192.145.29.34,443,2.23,FI,ARN,104.85,127.12
94.237.116.111,94.237.116.111,443,2.23,FI,HEL,105.85,112.79
65.109.196.96,65.109.196.96,443,2.23,FI,AMS,120.93,178.17
31.13.208.225,31.13.208.225,443,2.14,FI,TLL,103.6,109.72
87.239.250.189,87.239.250.189,443,2.14,FI,HEL,114.54,147.59
65.109.214.233,65.109.214.233,8443,2.11,FI,AMS,119.11,183.1
65.109.214.233,65.109.214.233,443,2.08,FI,AMS,124.26,178.45
193.23.201.59,193.23.201.59,8443,2.08,FI,RIX,99.54,131.64
5.183.253.112,5.183.253.112,443,2.01,FI,ARN,119.76,141.54
23.236.111.4,23.236.111.4,443,2.0,FI,HEL,136.87,120.36
212.237.219.99,212.237.219.99,443,2.0,FI,ARN,119.88,142.56
109.206.243.100,109.206.243.100,2053,2.0,FI,ARN,122.98,153.96
78.17.39.165,78.17.39.165,443,1.97,FI,TLL,115.56,177.31
193.23.201.59,193.23.201.59,443,1.96,FI,RIX,107.62,135.34
92.42.102.109,92.42.102.109,443,1.96,FI,HEL,121.22,122.26
185.230.190.29,185.230.190.29,443,1.95,FI,ARN,110.09,173.94
213.165.58.178,213.165.58.178,443,1.94,FI,TLL,100.36,116.26
65.21.159.37,65.21.159.37,443,1.88,FI,HEL,119.79,137.34
62.60.250.39,62.60.250.39,443,1.84,FI,MXP,117.53,194.72
77.105.130.229,77.105.130.229,443,1.82,FI,ARN,122.12,122.73
95.81.93.80,95.81.93.80,443,1.79,FI,ARN,107.65,138.29
77.221.144.210,77.221.144.210,443,1.7,FI,ARN,116.8,153.05
185.236.24.10,185.236.24.10,443,1.64,FI,ARN,107.51,154.43
2.26.0.209,2.26.0.209,443,1.64,FI,TLL,101.05,139.78
89.125.81.30,89.125.81.30,443,1.62,FI,ARN,104.12,128.14
167.17.40.47,167.17.40.47,443,1.58,FI,HEL,125.66,196.98
93.77.165.232,65.21.186.147,8443,1.54,FI,AMS,121.87,232.99
23.236.111.30,23.236.111.30,443,1.54,FI,HEL,117.15,127.38
65.108.245.196,65.108.245.196,443,1.53,FI,HEL,114.93,146.05
37.27.92.255,37.27.92.255,8443,1.53,FI,AMS,121.41,190.05
193.84.2.148,193.84.2.148,443,1.53,FI,ARN,105.32,121.02
109.206.243.100,109.206.243.100,2096,1.51,FI,ARN,138.48,139.88
45.144.52.100,45.144.52.100,443,1.49,FI,TLL,114.05,148.17
95.81.93.48,95.81.93.48,443,1.47,FI,ARN,124.26,160.45
91.149.219.49,91.149.219.49,443,1.45,FI,HEL,137.63,134.31
65.109.196.96,65.109.196.96,8443,1.41,FI,AMS,116.39,174.27
65.21.16.186,65.108.225.161,443,1.41,FI,HEL,137.7,120.34
194.180.189.194,194.180.189.194,443,1.41,FI,HEL,121.44,159.39
65.109.182.62,65.109.182.62,8443,1.4,FI,AMS,114.39,179.84
82.40.57.236,82.40.57.236,443,1.4,FI,HEL,136.75,157.19
91.211.114.202,91.211.114.202,443,1.4,FI,TLL,107.66,152.8
92.42.102.39,92.42.102.39,443,1.36,FI,HEL,98.29,111.79
65.109.182.62,65.109.182.62,443,1.34,FI,AMS,114.75,185.18
109.206.243.100,109.206.243.100,2087,1.34,FI,ARN,123.0,152.07
65.21.62.180,65.21.62.180,443,1.31,FI,HEL,117.95,127.52
185.212.149.7,185.212.149.7,443,1.28,FI,TLL,111.8,125.6
5.181.20.175,5.181.20.175,443,1.27,FI,ARN,118.06,133.52
185.236.24.10,185.236.24.10,8443,1.25,FI,HEL,105.75,129.17
212.237.219.183,212.237.219.183,443,1.25,FI,ARN,125.17,134.44
109.172.54.73,109.172.54.73,443,1.21,FI,ARN,125.64,130.7
45.12.151.34,45.12.151.34,443,1.21,FI,ARN,117.94,130.1
65.109.205.229,65.109.205.229,443,1.2,FI,AMS,129.14,176.83
2.26.23.181,2.26.23.181,443,1.19,FI,ARN,322.72,318.69
43.245.225.23,43.245.225.23,443,1.16,FI,ARN,111.77,141.29
135.181.84.31,135.181.84.31,443,1.06,FI,HEL,119.57,135.31
43.245.225.176,43.245.225.176,8443,1.03,FI,HEL,129.52,183.65
31.77.224.12,23.236.111.12,443,1.0,FI,HEL,118.32,129.67
152.228.191.232,152.228.191.1,443,19.25,FR,CDG,105.52,131.84
37.59.97.133,37.59.97.133,443,18.49,FR,CDG,167.13,217.21
51.91.254.158,51.91.254.158,443,17.98,FR,CDG,91.83,255.06
82.70.232.70,82.70.232.70,443,16.49,FR,MRS,117.33,159.23
51.91.250.77,51.91.250.77,443,15.64,FR,CDG,100.62,143.7
37.59.97.133,37.59.97.133,8443,15.06,FR,CDG,129.77,167.54
37.59.96.23,37.59.96.23,443,13.11,FR,CDG,178.82,215.64
51.91.248.253,51.91.248.253,443,12.68,FR,CDG,95.09,107.45
54.37.39.40,54.37.39.40,443,12.45,FR,CDG,88.67,106.27
51.91.253.230,51.91.253.230,8443,12.31,FR,CDG,200.83,140.25
51.91.248.253,51.91.248.253,8443,12.11,FR,CDG,104.94,123.87
51.91.255.152,51.91.255.152,8443,11.83,FR,CDG,85.88,110.55
152.228.216.146,152.228.216.146,443,11.76,FR,CDG,111.48,167.25
37.59.96.23,37.59.96.23,8443,11.5,FR,CDG,141.73,241.11
51.91.253.57,51.91.253.57,8443,11.32,FR,CDG,124.01,143.34
37.59.96.21,37.59.96.21,8443,11.16,FR,CDG,86.55,103.69
151.247.196.143,151.247.196.143,443,11.14,FR,WAW,99.08,162.08
51.91.253.174,51.91.253.174,443,10.79,FR,CDG,100.84,104.24
51.91.253.113,51.91.253.113,443,10.75,FR,CDG,88.42,135.56
51.91.248.99,51.91.248.99,443,10.64,FR,CDG,96.08,154.79
51.178.27.222,51.178.27.222,8443,10.42,FR,CDG,110.84,137.57
51.91.251.31,51.91.251.31,8443,10.3,FR,CDG,85.72,199.3
51.91.254.78,51.91.254.78,443,10.29,FR,CDG,88.64,102.27
51.178.141.36,51.178.141.36,443,10.17,FR,CDG,97.34,105.61
37.59.97.139,37.59.97.139,443,10.15,FR,CDG,88.74,101.24
51.91.253.62,51.91.253.62,443,10.11,FR,CDG,88.99,119.04
51.91.251.153,51.91.251.153,443,9.97,FR,CDG,92.76,126.71
51.91.250.183,51.91.250.183,8443,9.88,FR,CDG,96.27,134.43
51.178.141.36,51.178.141.36,8443,9.87,FR,CDG,91.1,112.72
95.182.96.247,95.182.96.247,443,9.82,FR,CDG,97.06,125.75
37.59.97.136,37.59.97.136,8443,9.77,FR,CDG,162.73,143.2
51.91.253.57,51.91.253.57,443,9.77,FR,CDG,103.35,126.68
152.228.216.146,152.228.216.146,8443,9.67,FR,CDG,158.12,172.48
37.59.97.139,37.59.97.139,8443,9.48,FR,CDG,98.44,103.24
94.183.186.102,94.183.186.102,443,9.41,FR,CDG,86.17,106.39
51.91.255.197,51.91.255.197,443,9.29,FR,CDG,109.36,128.24
51.91.254.97,51.91.254.97,8443,9.12,FR,CDG,89.19,108.87
51.91.253.174,51.91.253.174,8443,9.1,FR,CDG,88.39,112.69
185.10.18.88,185.10.18.88,443,9.06,FR,CDG,102.64,144.05
51.91.250.77,51.91.250.77,8443,8.71,FR,CDG,98.6,113.0
51.178.27.222,51.178.27.222,443,8.69,FR,CDG,100.23,130.38
51.91.251.31,51.91.251.31,443,8.45,FR,CDG,95.57,150.37
212.69.86.229,212.69.86.229,443,8.23,FR,BRU,99.9,140.85
51.91.255.197,51.91.255.197,8443,8.01,FR,CDG,100.38,119.28
88.218.79.114,88.218.79.114,443,8.0,FR,FRA,98.84,132.43
51.91.255.152,51.91.255.152,443,7.95,FR,CDG,108.35,133.27
51.91.253.83,51.91.253.83,8443,7.89,FR,CDG,93.76,101.06
129.151.245.96,129.151.245.96,443,7.88,FR,MRS,91.92,126.41
94.183.188.150,94.183.188.150,443,7.55,FR,CDG,88.33,125.9
51.91.254.78,51.91.254.78,8443,7.45,FR,CDG,90.4,103.96
37.59.97.136,37.59.97.136,443,7.42,FR,CDG,121.77,178.21
37.59.96.21,37.59.96.21,443,7.31,FR,CDG,86.18,103.3
51.91.255.23,51.91.255.23,8443,7.2,FR,CDG,90.3,129.33
51.91.248.99,51.91.248.99,8443,7.01,FR,CDG,87.55,121.83
82.70.234.100,82.70.234.100,443,6.96,FR,MRS,97.94,93.28
51.91.250.183,51.91.250.183,443,6.91,FR,CDG,92.26,144.83
51.178.29.175,51.178.29.175,8443,6.68,FR,CDG,93.37,109.85
51.91.251.153,51.91.251.153,8443,6.53,FR,CDG,86.2,114.66
51.178.29.175,51.178.29.175,443,6.32,FR,CDG,92.35,100.46
51.91.253.218,51.91.253.218,8443,6.08,FR,CDG,84.08,100.62
51.91.253.230,51.91.253.230,443,5.69,FR,CDG,98.21,130.24
51.91.249.209,51.91.249.209,443,5.55,FR,CDG,86.21,101.35
51.91.249.209,51.91.249.209,8443,5.54,FR,CDG,86.68,101.01
151.241.228.164,151.241.228.164,443,5.53,FR,BRU,104.6,97.42
51.91.254.177,51.91.254.177,8443,5.52,FR,CDG,110.46,102.03
51.91.250.245,51.91.250.245,8443,5.47,FR,CDG,86.28,103.47
51.91.249.223,51.91.249.223,443,5.46,FR,CDG,90.34,105.06
51.91.250.245,51.91.250.245,443,5.37,FR,CDG,88.59,98.26
51.178.141.191,51.178.141.191,443,5.02,FR,CDG,85.04,98.7
51.91.252.174,51.91.252.174,8443,4.97,FR,CDG,89.77,101.33
51.178.141.191,51.178.141.191,8443,4.95,FR,CDG,87.09,100.59
62.171.150.26,62.171.150.26,443,4.9,FR,FRA,89.77,104.9
37.59.96.25,37.59.96.25,443,4.9,FR,CDG,101.28,106.07
51.91.253.218,51.91.253.218,443,4.79,FR,CDG,84.68,104.65
37.59.125.113,37.59.125.113,8443,4.72,FR,CDG,92.36,100.06
37.60.229.47,37.60.229.47,443,4.66,FR,FRA,92.59,145.23
51.91.255.121,51.91.255.121,8443,4.58,FR,CDG,88.1,104.52
51.91.254.111,51.91.254.111,443,4.58,FR,CDG,88.25,101.54
37.59.125.113,37.59.125.113,443,4.58,FR,CDG,106.41,101.0
51.91.253.62,51.91.253.62,8443,4.56,FR,CDG,91.27,117.05
51.91.254.100,51.91.254.100,8443,4.3,FR,CDG,100.81,152.92
37.59.96.50,37.59.96.50,443,4.28,FR,CDG,92.33,151.45
51.91.255.23,51.91.255.23,443,4.23,FR,CDG,97.05,170.19
51.91.249.37,51.91.249.37,443,4.19,FR,CDG,107.69,106.61
51.91.253.83,51.91.253.83,443,4.19,FR,CDG,84.8,99.04
51.91.252.213,51.91.252.213,443,4.18,FR,CDG,87.23,102.99
51.91.252.200,51.91.252.200,8443,4.15,FR,CDG,93.57,99.41
152.228.134.239,152.228.134.239,443,3.96,FR,FRA,103.0,107.39
51.91.253.113,51.91.253.113,8443,3.95,FR,CDG,100.59,167.59
193.42.60.235,193.42.60.235,443,3.95,FR,FRA,113.02,141.43
51.91.251.16,51.91.251.16,8443,3.88,FR,CDG,86.34,100.3
37.59.96.25,37.59.96.25,8443,3.83,FR,CDG,89.62,106.58
51.91.254.97,51.91.254.97,443,3.82,FR,CDG,86.03,100.08
51.91.254.177,51.91.254.177,443,3.82,FR,CDG,100.66,103.68
51.91.254.100,51.91.254.100,443,3.73,FR,CDG,104.42,152.79
51.91.249.37,51.91.249.37,8443,3.72,FR,CDG,90.71,99.17
51.91.252.200,51.91.252.200,443,3.71,FR,CDG,99.46,101.13
92.119.125.143,92.119.125.143,443,3.71,FR,FRA,108.44,131.71
217.60.252.25,217.60.252.25,443,3.68,FR,CDG,84.86,98.97
46.8.225.124,46.8.225.124,443,3.66,FR,CDG,85.99,100.88
51.91.254.158,51.91.254.158,8443,3.55,FR,CDG,92.25,177.94
152.228.134.239,152.228.134.239,8443,3.52,FR,FRA,101.16,112.15
37.59.96.50,37.59.96.50,8443,3.51,FR,CDG,168.2,114.91
51.91.249.198,51.91.249.198,443,3.5,FR,CDG,89.2,98.88
51.91.248.157,51.91.248.157,443,3.46,FR,CDG,94.5,99.95
141.94.78.246,141.94.78.246,443,3.39,FR,CDG,105.5,107.74
51.91.254.22,51.91.254.22,443,3.37,FR,CDG,109.74,100.56
51.178.137.248,51.178.137.248,8443,3.34,FR,CDG,91.19,101.59
51.91.249.93,51.91.249.93,8443,3.34,FR,CDG,91.9,105.04
51.91.249.154,51.91.249.154,443,3.33,FR,CDG,86.55,99.74
51.178.137.248,51.178.137.248,443,3.32,FR,CDG,89.04,98.75
51.91.251.160,51.91.251.160,443,3.3,FR,CDG,92.01,107.92
51.91.248.215,51.91.248.215,8443,3.3,FR,CDG,84.63,107.35
51.91.252.193,51.91.252.193,8443,3.26,FR,CDG,90.12,103.49
51.91.250.92,51.91.250.92,8443,3.24,FR,CDG,89.28,106.0
51.91.249.93,51.91.249.93,443,3.17,FR,CDG,93.28,110.49
51.91.250.152,51.91.250.152,8443,3.11,FR,CDG,90.69,104.93
51.91.251.160,51.91.251.160,8443,3.1,FR,CDG,94.53,106.56
185.10.18.238,185.10.18.238,443,3.09,FR,CDG,86.2,90.5
141.94.78.246,141.94.78.246,8443,3.07,FR,CDG,88.62,105.56
51.91.255.121,51.91.255.121,443,3.05,FR,CDG,86.78,107.64
51.91.249.29,51.91.249.29,8443,3.05,FR,CDG,90.67,98.73
51.91.249.115,51.91.249.115,443,3.03,FR,CDG,88.46,101.3
51.91.250.218,51.91.250.218,443,3.01,FR,CDG,86.24,118.26
89.117.2.134,89.117.2.134,443,2.93,FR,CDG,93.99,108.69
51.91.249.9,51.91.249.9,8443,2.92,FR,CDG,114.76,98.31
51.91.249.223,51.91.249.223,8443,2.89,FR,CDG,92.97,102.89
51.91.252.34,51.91.252.34,443,2.88,FR,CDG,87.9,110.65
51.91.254.111,51.91.254.111,8443,2.88,FR,CDG,86.72,100.53
152.228.217.69,152.228.217.69,8443,2.78,FR,CDG,88.51,119.52
84.247.166.22,84.247.166.22,443,2.76,FR,FRA,110.4,113.8
51.91.249.126,51.91.249.126,443,2.74,FR,CDG,91.4,134.87
31.56.176.44,31.56.176.44,443,2.74,FR,CDG,89.34,102.63
167.86.116.97,167.86.116.97,443,2.72,FR,FRA,100.45,174.32
51.210.148.173,51.210.148.173,8443,2.69,FR,CDG,88.91,101.54
51.91.255.5,51.91.255.5,443,2.66,FR,CDG,88.65,102.63
51.91.250.218,51.91.250.218,8443,2.64,FR,CDG,91.73,113.09
51.91.252.213,51.91.252.213,8443,2.55,FR,CDG,92.23,98.22
51.91.249.154,51.91.249.154,8443,2.54,FR,CDG,86.13,101.58
51.91.254.99,51.91.254.99,8443,2.54,FR,CDG,88.68,97.6
94.183.186.27,94.183.186.27,443,2.53,FR,CDG,85.37,96.64
51.91.248.251,51.91.248.251,8443,2.52,FR,CDG,86.36,105.33
51.91.251.37,51.91.251.37,443,2.5,FR,CDG,85.9,109.94
51.91.248.38,51.91.248.38,8443,2.48,FR,CDG,91.04,98.39
51.91.248.61,51.91.248.61,443,2.48,FR,CDG,101.75,97.82
51.91.251.16,51.91.251.16,443,2.46,FR,CDG,86.78,102.78
51.91.253.112,51.91.253.112,443,2.45,FR,CDG,88.54,116.94
37.59.96.47,37.59.96.47,8443,2.44,FR,CDG,89.54,101.64
37.59.96.48,37.59.96.48,8443,2.44,FR,CDG,89.33,100.34
51.91.249.198,51.91.249.198,8443,2.4,FR,CDG,89.17,99.65
51.91.250.21,51.91.250.21,8443,2.4,FR,CDG,87.0,101.3
51.91.251.43,51.91.251.43,443,2.4,FR,CDG,88.5,105.36
37.59.96.47,37.59.96.47,443,2.39,FR,CDG,91.91,102.3
51.91.249.29,51.91.249.29,443,2.39,FR,CDG,85.32,99.9
51.91.254.22,51.91.254.22,8443,2.39,FR,CDG,87.52,99.28
37.59.97.135,37.59.97.135,443,2.34,FR,CDG,92.25,101.39
51.77.141.212,51.77.141.212,8443,2.33,FR,FRA,91.23,128.17
51.91.254.99,51.91.254.99,443,2.31,FR,CDG,88.24,108.43
51.91.253.245,51.91.253.245,443,2.25,FR,CDG,87.64,116.8
51.91.249.9,51.91.249.9,443,2.23,FR,CDG,98.7,99.28
51.91.248.157,51.91.248.157,8443,2.21,FR,CDG,95.11,101.75
51.91.250.152,51.91.250.152,443,2.2,FR,CDG,90.58,105.58
147.90.26.67,23.168.88.90,443,2.16,FR,CDG,183.74,238.99
173.212.224.25,173.212.224.25,443,2.14,FR,CDG,117.97,115.81
94.183.186.228,94.183.186.228,443,2.12,FR,CDG,87.51,94.87
147.90.26.55,23.168.88.6,443,2.12,FR,CDG,209.89,230.15
37.59.96.48,37.59.96.48,443,2.09,FR,CDG,84.88,100.03
51.91.251.198,51.91.251.198,8443,2.09,FR,CDG,104.14,106.71
152.228.135.5,152.228.135.5,443,2.07,FR,FRA,90.96,104.96
51.91.251.198,51.91.251.198,443,2.07,FR,CDG,104.23,108.7
147.90.26.89,23.168.88.234,443,2.07,FR,CDG,200.85,203.94
51.91.250.21,51.91.250.21,443,2.06,FR,CDG,87.35,104.24
51.91.253.245,51.91.253.245,8443,2.05,FR,CDG,88.09,145.78
147.90.26.23,23.168.88.119,443,2.05,FR,CDG,197.31,200.15
152.228.134.60,152.228.134.60,8443,2.0,FR,FRA,91.56,108.62
51.77.141.212,51.77.141.212,443,2.0,FR,FRA,99.67,174.66
51.91.251.37,51.91.251.37,8443,1.98,FR,CDG,86.79,104.76
51.91.248.218,51.91.248.218,8443,1.98,FR,CDG,87.46,107.78
152.228.134.60,152.228.134.60,443,1.97,FR,FRA,91.39,119.0
185.234.100.241,185.234.100.241,443,1.92,FR,CDG,86.44,98.87
51.91.248.218,51.91.248.218,443,1.92,FR,CDG,88.96,129.26
51.91.252.191,51.91.252.191,8443,1.89,FR,CDG,90.12,110.01
147.90.26.39,23.168.88.191,443,1.85,FR,CDG,191.89,225.11
51.91.255.163,51.91.255.163,443,1.84,FR,CDG,98.08,101.6
51.91.248.215,51.91.248.215,443,1.84,FR,CDG,102.99,118.2
51.91.251.144,51.91.251.144,443,1.82,FR,CDG,99.17,96.89
51.91.252.174,51.91.252.174,443,1.81,FR,CDG,87.24,104.66
37.59.97.140,37.59.97.140,8443,1.75,FR,CDG,85.92,102.38
94.183.187.37,94.183.187.37,443,1.74,FR,CDG,108.2,114.45
147.90.26.49,23.168.88.241,443,1.72,FR,CDG,182.91,190.6
51.91.249.126,51.91.249.126,8443,1.71,FR,CDG,100.1,129.32
194.76.37.86,194.76.37.86,443,1.69,FR,AMS,86.12,116.56
88.218.76.170,88.218.76.170,443,1.69,FR,AMS,101.97,137.84
51.91.254.173,51.91.254.173,443,1.69,FR,CDG,87.2,98.76
51.77.141.117,51.77.141.117,443,1.69,FR,FRA,98.46,109.47
51.91.255.5,51.91.255.5,8443,1.65,FR,CDG,96.04,99.9
147.90.26.22,23.168.88.76,443,1.65,FR,CDG,181.98,190.91
62.84.183.222,62.84.183.222,8443,1.64,FR,FRA,95.94,107.42
51.91.248.251,51.91.248.251,443,1.64,FR,CDG,101.5,105.55
147.90.26.91,23.168.88.110,443,1.63,FR,CDG,182.65,189.59
51.91.254.189,51.91.254.189,8443,1.62,FR,CDG,88.33,98.12
51.91.252.191,51.91.252.191,443,1.6,FR,CDG,89.21,114.25
51.91.250.92,51.91.250.92,443,1.6,FR,CDG,87.86,105.8
217.60.37.34,217.60.37.34,443,1.59,FR,CDG,96.13,109.09
51.91.251.144,51.91.251.144,8443,1.58,FR,CDG,92.75,99.1
37.59.97.140,37.59.97.140,443,1.58,FR,CDG,86.29,100.57
77.110.106.93,77.110.106.93,443,1.53,FR,FRA,104.95,152.36
147.90.26.50,23.168.88.149,443,1.53,FR,CDG,193.57,200.2
51.91.253.60,51.91.253.60,8443,1.53,FR,CDG,94.42,125.3
51.91.249.22,51.91.249.22,8443,1.51,FR,CDG,88.19,105.71
51.91.252.44,51.91.252.44,8443,1.51,FR,CDG,102.29,104.77
51.210.148.173,51.210.148.173,443,1.51,FR,CDG,87.43,102.24
51.91.249.22,51.91.249.22,443,1.49,FR,CDG,96.58,102.08
147.90.26.40,23.168.88.41,443,1.49,FR,CDG,197.6,257.88
51.91.252.34,51.91.252.34,8443,1.48,FR,CDG,88.7,105.23
162.19.27.52,162.19.27.52,443,1.47,FR,CDG,103.05,103.27
147.90.26.57,23.168.88.183,443,1.47,FR,CDG,199.43,189.65
147.90.26.58,23.168.88.230,443,1.46,FR,CDG,222.82,298.02
51.91.250.33,51.91.250.33,8443,1.45,FR,CDG,98.27,121.06
147.90.26.21,23.168.88.244,443,1.45,FR,CDG,197.81,186.74
147.90.26.78,23.168.88.159,443,1.45,FR,CDG,190.39,200.65
147.90.26.25,23.168.88.250,443,1.44,FR,CDG,181.43,188.06
51.91.40.26,51.91.40.26,443,1.44,FR,FRA,96.99,110.35
51.91.250.33,51.91.250.33,443,1.43,FR,CDG,87.51,124.56
147.90.26.9,23.168.88.104,443,1.43,FR,CDG,192.79,205.66
147.90.26.28,23.168.88.190,443,1.43,FR,CDG,193.85,204.26
147.90.26.85,23.168.88.43,443,1.43,FR,CDG,197.23,306.2
147.90.26.80,23.168.88.185,443,1.43,FR,CDG,222.36,210.75
147.90.26.17,23.168.88.174,443,1.42,FR,CDG,181.28,187.86
147.90.26.26,23.168.88.103,443,1.42,FR,CDG,192.16,205.13
51.91.254.173,51.91.254.173,8443,1.41,FR,CDG,90.71,96.3
147.90.26.14,23.168.88.91,443,1.41,FR,CDG,206.82,216.88
147.90.26.53,23.168.88.2,443,1.4,FR,CDG,202.03,207.82
147.90.26.54,23.168.88.252,443,1.39,FR,CDG,206.3,222.41
147.90.26.51,23.168.88.97,443,1.37,FR,CDG,187.28,187.11
51.91.252.193,51.91.252.193,443,1.37,FR,CDG,88.73,105.45
152.228.135.5,152.228.135.5,8443,1.35,FR,FRA,90.16,104.34
51.91.253.60,51.91.253.60,443,1.34,FR,CDG,95.3,136.32
147.90.26.43,23.168.88.59,443,1.33,FR,CDG,201.82,214.31
147.90.26.84,23.168.88.239,443,1.32,FR,CDG,194.91,187.04
51.91.253.112,51.91.253.112,8443,1.31,FR,CDG,94.17,118.72
51.91.248.61,51.91.248.61,8443,1.31,FR,CDG,120.52,100.14
147.90.26.87,23.168.88.25,443,1.31,FR,CDG,206.11,209.29
147.90.26.19,23.168.88.36,443,1.3,FR,CDG,201.6,189.58
51.91.255.163,51.91.255.163,8443,1.28,FR,CDG,100.45,109.05
147.90.26.34,23.168.88.95,443,1.21,FR,CDG,194.37,208.45
147.90.26.41,23.168.88.35,443,1.2,FR,CDG,203.15,208.73
51.91.251.43,51.91.251.43,8443,1.19,FR,CDG,90.99,122.42
147.90.26.81,23.168.88.89,443,1.12,FR,CDG,191.27,212.05
51.91.248.38,51.91.248.38,443,1.08,FR,CDG,90.44,104.3
147.90.26.30,23.168.88.151,443,1.06,FR,CDG,182.54,199.71
147.90.26.33,23.168.88.246,443,1.05,FR,CDG,220.76,221.91
147.90.26.83,23.168.88.224,443,1.04,FR,CDG,198.85,201.62
147.90.26.45,23.168.88.4,443,1.03,FR,CDG,208.7,200.24
147.90.26.20,23.168.88.178,443,1.02,FR,CDG,187.99,195.12
147.90.26.77,23.168.88.81,443,1.02,FR,CDG,212.5,217.24
147.90.26.13,23.168.88.8,443,1.01,FR,CDG,191.24,194.29
57.128.178.183,57.128.178.183,443,33.92,GB,LHR,80.25,85.85
140.235.74.26,140.235.74.26,443,32.74,GB,MAN,79.34,101.76
178.62.27.74,178.62.27.74,443,28.34,GB,LHR,87.09,188.99
57.128.176.87,57.128.176.87,443,23.5,GB,LHR,81.67,114.24
109.176.229.190,109.176.229.190,443,23.12,GB,LHR,90.94,114.98
57.128.183.59,57.128.183.59,443,21.63,GB,LHR,76.68,95.62
57.128.177.172,57.128.177.172,8443,20.74,GB,LHR,108.45,107.07
57.129.137.223,57.129.137.223,443,17.53,GB,LHR,83.71,163.98
57.129.137.202,57.129.137.202,8443,17.35,GB,LHR,87.11,261.8
57.128.176.87,57.128.176.87,8443,17.23,GB,LHR,104.07,121.07
57.129.137.232,57.129.137.232,443,16.85,GB,LHR,103.47,151.87
57.128.183.6,57.128.183.6,8443,16.64,GB,LHR,103.37,90.7
57.128.179.189,57.128.179.189,443,16.64,GB,LHR,77.8,97.86
84.8.145.58,84.8.145.58,443,15.78,GB,LHR,98.55,101.94
57.128.183.35,57.128.183.35,8443,15.61,GB,LHR,107.61,172.14
57.129.137.72,57.129.137.72,443,15.55,GB,LHR,77.61,88.14
57.129.137.232,57.129.137.232,8443,15.15,GB,LHR,75.11,87.94
57.129.137.89,57.129.137.89,443,14.83,GB,LHR,76.16,287.85
57.129.137.223,57.129.137.223,8443,14.49,GB,LHR,119.36,190.76
57.129.137.87,57.129.137.87,443,14.45,GB,LHR,77.0,118.76
57.128.177.176,57.128.177.176,8443,14.28,GB,LHR,75.21,87.59
57.128.176.37,57.128.176.37,443,14.02,GB,LHR,96.32,113.4
18.134.196.127,18.134.196.127,443,13.71,GB,LHR,95.21,179.39
57.129.137.68,57.129.137.68,443,13.58,GB,LHR,80.91,160.82
57.129.137.218,57.129.137.218,443,13.58,GB,LHR,138.66,120.87
57.129.137.82,57.129.137.82,8443,13.29,GB,LHR,80.33,154.24
57.128.181.221,57.128.181.221,443,13.19,GB,LHR,107.71,135.75
57.129.137.63,57.129.137.63,443,13.1,GB,LHR,89.52,105.38
57.129.137.219,57.129.137.219,443,12.48,GB,LHR,93.83,90.04
57.129.137.87,57.129.137.87,8443,12.17,GB,LHR,94.54,150.13
57.129.137.57,57.129.137.57,8443,11.96,GB,LHR,86.59,99.87
185.122.167.228,185.122.167.228,443,11.88,GB,MAN,99.94,115.2
57.128.181.221,57.128.181.221,8443,11.6,GB,LHR,159.79,137.63
141.147.114.60,141.147.114.60,443,11.45,GB,LHR,83.57,136.07
57.128.183.6,57.128.183.6,443,11.4,GB,LHR,148.11,339.66
57.129.137.93,57.129.137.93,443,11.31,GB,LHR,98.07,105.65
57.129.137.68,57.129.137.68,8443,11.24,GB,LHR,102.59,90.55
57.129.137.73,57.129.137.73,443,11.1,GB,LHR,88.9,93.38
213.165.84.165,213.165.84.165,443,10.96,GB,LHR,97.13,142.99
57.129.137.60,57.129.137.60,8443,10.76,GB,LHR,86.2,91.17
57.129.137.56,57.129.137.56,8443,10.64,GB,LHR,90.6,136.64
57.128.176.37,57.128.176.37,8443,10.59,GB,LHR,93.15,88.84
57.129.137.79,57.129.137.79,443,10.48,GB,LHR,80.02,99.75
57.129.137.80,57.129.137.80,8443,10.07,GB,LHR,80.35,87.83
57.129.137.93,57.129.137.93,8443,9.9,GB,LHR,113.12,133.69
57.128.180.133,57.128.180.133,8443,9.68,GB,LHR,115.48,177.41
57.129.137.63,57.129.137.63,8443,9.56,GB,LHR,88.35,89.37
57.129.137.202,57.129.137.202,443,9.54,GB,LHR,133.07,129.88
213.1.145.50,213.1.145.4,443,8.95,GB,LHR,85.97,100.96
57.129.137.240,57.129.137.240,443,8.59,GB,LHR,76.14,86.82
57.129.137.96,57.129.137.96,443,8.45,GB,LHR,76.28,83.65
79.72.91.32,79.72.91.32,443,8.4,GB,LHR,92.33,229.03
57.129.137.226,57.129.137.226,443,8.09,GB,LHR,84.7,87.44
57.129.137.57,57.129.137.57,443,8.01,GB,LHR,94.76,131.55
57.129.137.73,57.129.137.73,8443,7.62,GB,LHR,78.33,94.99
57.128.180.133,57.128.180.133,443,7.51,GB,LHR,178.35,239.86
57.129.137.197,57.129.137.197,8443,7.4,GB,LHR,80.89,87.79
57.129.137.79,57.129.137.79,8443,7.3,GB,LHR,85.25,94.59
57.129.137.80,57.129.137.80,443,7.2,GB,LHR,80.88,89.69
57.129.137.241,57.129.137.241,443,7.19,GB,LHR,84.33,82.55
57.129.137.56,57.129.137.56,443,7.1,GB,LHR,87.46,169.94
57.129.137.240,57.129.137.240,8443,7.07,GB,LHR,87.94,100.75
57.128.177.218,57.128.177.218,443,6.98,GB,LHR,78.17,84.68
57.129.137.90,57.129.137.90,8443,6.79,GB,LHR,85.27,88.46
57.129.137.239,57.129.137.239,443,6.7,GB,LHR,78.27,79.86
57.129.137.239,57.129.137.239,8443,6.58,GB,LHR,83.85,85.31
109.169.76.23,109.169.76.23,443,6.38,GB,LHR,81.15,89.89
57.128.177.235,57.128.177.235,8443,6.36,GB,LHR,76.95,97.87
57.129.137.64,57.129.137.64,443,6.21,GB,LHR,76.44,87.29
57.129.137.76,57.129.137.76,443,6.2,GB,LHR,93.29,85.39
57.129.137.60,57.129.137.60,443,6.15,GB,LHR,77.62,117.99
57.128.183.138,57.128.183.138,443,6.08,GB,LHR,75.18,85.5
57.128.179.45,57.128.179.45,443,6.01,GB,LHR,75.31,89.98
57.128.177.185,57.128.177.185,8443,5.96,GB,LHR,85.95,92.36
57.129.137.49,57.129.137.49,443,5.96,GB,LHR,75.33,82.4
57.129.137.55,57.129.137.55,8443,5.82,GB,LHR,76.92,81.71
57.128.183.138,57.128.183.138,8443,5.64,GB,LHR,76.45,85.56
57.128.177.203,57.128.177.203,443,5.6,GB,LHR,88.78,118.99
57.128.182.21,57.128.182.21,443,5.6,GB,LHR,76.06,84.6
57.129.137.89,57.129.137.89,8443,5.56,GB,LHR,113.77,172.91
57.128.183.59,57.128.183.59,8443,5.55,GB,LHR,101.29,173.17
57.129.137.243,57.129.137.243,8443,5.54,GB,LHR,82.59,91.13
57.129.137.82,57.129.137.82,443,5.54,GB,LHR,79.07,119.22
57.129.137.217,57.129.137.217,8443,5.51,GB,LHR,81.04,89.79
57.129.137.83,57.129.137.83,443,5.49,GB,LHR,79.43,84.93
57.128.179.189,57.128.179.189,8443,5.47,GB,LHR,78.96,95.08
57.128.183.248,57.128.183.248,8443,5.42,GB,LHR,82.13,121.09
57.128.182.27,57.128.182.27,8443,5.37,GB,LHR,87.26,85.48
57.128.183.35,57.128.183.35,443,5.29,GB,LHR,151.64,175.46
57.128.182.255,57.128.182.255,8443,5.15,GB,LHR,82.55,92.11
57.128.177.172,57.128.177.172,443,5.14,GB,LHR,122.2,120.83
57.129.137.219,57.129.137.219,8443,5.13,GB,LHR,81.66,86.4
57.128.177.218,57.128.177.218,8443,5.13,GB,LHR,77.32,89.78
57.128.179.45,57.128.179.45,8443,5.1,GB,LHR,76.71,88.87
57.129.137.222,57.129.137.222,8443,5.09,GB,LHR,79.58,82.01
57.128.178.183,57.128.178.183,8443,5.08,GB,LHR,78.85,82.77
57.129.137.94,57.129.137.94,443,5.03,GB,LHR,80.51,87.92
57.128.183.133,57.128.183.133,8443,5.01,GB,LHR,80.1,84.76
57.128.177.203,57.128.177.203,8443,5.01,GB,LHR,100.83,97.69
57.128.180.59,57.128.180.59,443,4.98,GB,LHR,76.36,85.56
57.129.137.84,57.129.137.84,8443,4.97,GB,LHR,78.17,81.87
57.129.137.214,57.129.137.214,8443,4.91,GB,LHR,92.09,91.55
57.129.137.218,57.129.137.218,8443,4.91,GB,LHR,91.03,109.2
57.129.137.201,57.129.137.201,8443,4.89,GB,LHR,89.63,82.51
57.128.183.40,57.128.183.40,443,4.85,GB,LHR,75.57,83.56
57.129.137.83,57.129.137.83,8443,4.83,GB,LHR,75.24,83.03
57.129.137.65,57.129.137.65,443,4.77,GB,LHR,85.38,151.55
57.128.183.82,57.128.183.82,8443,4.73,GB,LHR,80.38,87.17
57.129.137.198,57.129.137.198,8443,4.7,GB,LHR,78.93,95.35
57.128.182.21,57.128.182.21,8443,4.7,GB,LHR,102.6,85.28
57.129.137.214,57.129.137.214,443,4.69,GB,LHR,92.84,86.77
57.129.137.198,57.129.137.198,443,4.61,GB,LHR,85.87,95.49
57.129.137.197,57.129.137.197,443,4.58,GB,LHR,78.87,88.16
57.129.137.65,57.129.137.65,8443,4.55,GB,LHR,79.86,99.4
57.129.137.243,57.129.137.243,443,4.53,GB,LHR,74.62,83.19
57.128.178.79,57.128.178.79,443,4.52,GB,LHR,80.95,89.85
57.129.137.245,57.129.137.245,443,4.52,GB,LHR,92.75,80.87
57.128.183.248,57.128.183.248,443,4.5,GB,LHR,89.63,157.75
57.128.179.10,57.128.179.10,443,4.43,GB,LHR,81.03,85.87
57.129.137.231,57.129.137.231,443,4.39,GB,LHR,81.39,83.89
57.129.137.85,57.129.137.85,443,4.39,GB,LHR,77.01,84.5
57.129.137.205,57.129.137.205,8443,4.37,GB,LHR,82.2,84.94
57.128.177.176,57.128.177.176,443,4.35,GB,LHR,80.02,85.63
57.129.137.96,57.129.137.96,8443,4.34,GB,LHR,75.71,83.96
57.129.137.201,57.129.137.201,443,4.33,GB,LHR,76.34,86.36
57.128.179.10,57.128.179.10,8443,4.32,GB,LHR,89.46,85.61
57.128.177.185,57.128.177.185,443,4.31,GB,LHR,78.85,83.19
57.129.137.49,57.129.137.49,8443,4.3,GB,LHR,76.19,85.86
57.129.137.50,57.129.137.50,8443,4.27,GB,LHR,77.7,85.65
57.128.176.82,57.128.176.82,443,4.25,GB,LHR,76.7,86.42
57.129.137.55,57.129.137.55,443,4.22,GB,LHR,75.08,83.31
57.129.137.78,57.129.137.78,8443,4.18,GB,LHR,78.53,85.96
57.129.137.86,57.129.137.86,8443,4.18,GB,LHR,77.16,85.79
57.128.183.77,57.128.183.77,8443,4.13,GB,LHR,75.54,82.48
57.128.183.142,57.128.183.142,8443,4.1,GB,LHR,80.38,83.68
57.128.182.255,57.128.182.255,443,4.1,GB,LHR,75.39,84.63
57.128.183.40,57.128.183.40,8443,4.1,GB,LHR,75.04,85.12
57.128.178.79,57.128.178.79,8443,4.09,GB,LHR,78.51,84.58
57.129.137.231,57.129.137.231,8443,4.08,GB,LHR,84.21,89.96
57.128.181.91,57.128.181.91,8443,4.0,GB,LHR,81.01,95.05
57.128.182.61,57.128.182.61,443,3.95,GB,LHR,75.19,89.88
57.128.183.82,57.128.183.82,443,3.95,GB,LHR,77.87,92.0
57.129.137.213,57.129.137.213,8443,3.92,GB,LHR,79.52,83.52
57.129.137.205,57.129.137.205,443,3.92,GB,LHR,84.66,88.09
57.129.137.210,57.129.137.210,443,3.89,GB,LHR,93.33,90.5
57.128.182.27,57.128.182.27,443,3.84,GB,LHR,76.15,82.92
57.128.183.77,57.128.183.77,443,3.79,GB,LHR,76.6,82.1
57.128.183.133,57.128.183.133,443,3.78,GB,LHR,90.59,86.78
57.128.178.122,57.128.178.122,443,3.78,GB,LHR,83.29,84.82
57.129.137.61,57.129.137.61,8443,3.77,GB,LHR,79.67,86.75
57.128.178.63,57.128.178.63,8443,3.76,GB,LHR,75.88,85.23
57.129.137.245,57.129.137.245,8443,3.76,GB,LHR,78.2,86.82
57.129.137.51,57.129.137.51,8443,3.74,GB,LHR,77.96,86.1
57.128.177.206,57.128.177.206,443,3.74,GB,LHR,75.3,85.59
57.129.137.71,57.129.137.71,8443,3.74,GB,LHR,75.39,97.75
57.129.137.241,57.129.137.241,8443,3.73,GB,LHR,83.25,81.04
57.129.137.84,57.129.137.84,443,3.71,GB,LHR,76.21,82.2
57.128.183.214,57.128.183.214,443,3.71,GB,LHR,76.71,90.55
57.128.182.234,57.128.182.234,443,3.7,GB,LHR,87.76,145.57
57.129.137.226,57.129.137.226,8443,3.7,GB,LHR,81.94,96.29
57.129.137.54,57.129.137.54,443,3.69,GB,LHR,75.87,89.64
57.129.137.85,57.129.137.85,8443,3.67,GB,LHR,75.23,85.76
57.129.137.227,57.129.137.227,443,3.67,GB,LHR,88.24,87.19
57.128.181.247,57.128.181.247,443,3.63,GB,LHR,78.22,93.16
57.129.137.67,57.129.137.67,443,3.62,GB,LHR,77.96,100.38
57.128.183.142,57.128.183.142,443,3.62,GB,LHR,81.88,89.68
57.129.137.51,57.129.137.51,443,3.6,GB,LHR,85.42,84.0
57.128.178.122,57.128.178.122,8443,3.54,GB,LHR,77.83,85.85
103.13.208.242,103.13.208.242,443,3.53,GB,LHR,76.46,86.89
159.65.19.63,159.65.19.63,443,3.52,GB,LHR,83.48,89.15
57.129.137.78,57.129.137.78,443,3.51,GB,LHR,84.96,86.37
35.176.187.206,35.176.187.206,443,3.47,GB,LHR,77.38,85.39
57.129.137.224,57.129.137.224,8443,3.46,GB,LHR,86.67,86.11
57.129.137.224,57.129.137.224,443,3.46,GB,LHR,82.66,93.31
57.128.180.80,57.128.180.80,8443,3.46,GB,LHR,94.53,87.57
57.128.178.196,57.128.178.196,443,3.46,GB,LHR,79.0,82.0
57.129.137.233,57.129.137.233,443,3.44,GB,LHR,94.36,94.32
57.129.137.217,57.129.137.217,443,3.42,GB,LHR,76.44,85.83
46.101.29.160,46.101.29.160,443,3.41,GB,LHR,78.49,90.77
57.129.137.208,57.129.137.208,8443,3.4,GB,LHR,81.13,83.17
57.128.177.198,57.128.177.198,443,3.36,GB,LHR,75.91,82.51
57.128.178.196,57.128.178.196,8443,3.36,GB,LHR,78.42,80.3
91.132.95.212,91.132.95.212,443,3.35,GB,LHR,76.25,128.48
57.129.137.200,57.129.137.200,8443,3.35,GB,LHR,80.72,82.92
57.128.183.214,57.128.183.214,8443,3.33,GB,LHR,80.62,85.29
57.129.137.69,57.129.137.69,443,3.32,GB,LHR,87.04,116.21
57.128.176.82,57.128.176.82,8443,3.31,GB,LHR,96.03,98.25
57.128.183.90,57.128.183.90,443,3.29,GB,LHR,75.35,92.4
57.129.137.216,57.129.137.216,443,3.28,GB,LHR,85.41,80.49
57.128.178.164,57.128.178.164,443,3.25,GB,LHR,79.08,83.44
57.129.137.200,57.129.137.200,443,3.24,GB,LHR,75.09,90.23
57.128.178.63,57.128.178.63,443,3.22,GB,LHR,76.78,84.71
57.129.137.72,57.129.137.72,8443,3.22,GB,LHR,76.91,89.93
57.128.180.80,57.128.180.80,443,3.18,GB,LHR,97.73,127.78
34.39.62.53,34.39.62.53,443,3.17,GB,LHR,77.69,90.21
57.128.183.245,57.128.183.245,443,3.17,GB,LHR,80.97,91.05
57.129.137.207,57.129.137.207,8443,3.16,GB,LHR,76.02,104.5
57.129.137.225,57.129.137.225,443,3.15,GB,LHR,84.71,87.87
57.129.137.77,57.129.137.77,8443,3.09,GB,LHR,82.48,82.99
217.154.53.220,217.154.53.220,443,3.08,GB,LHR,98.49,121.19
57.129.137.64,57.129.137.64,8443,3.08,GB,LHR,96.33,93.07
57.129.137.222,57.129.137.222,443,3.05,GB,LHR,79.45,90.42
57.129.137.86,57.129.137.86,443,3.05,GB,LHR,77.0,85.07
57.129.137.61,57.129.137.61,443,3.01,GB,LHR,76.32,85.17
57.128.177.206,57.128.177.206,8443,2.99,GB,LHR,76.64,85.88
57.129.137.227,57.129.137.227,8443,2.97,GB,LHR,84.22,83.6
57.129.137.238,57.129.137.238,8443,2.96,GB,LHR,93.04,85.69
57.129.137.50,57.129.137.50,443,2.95,GB,LHR,94.51,87.41
57.128.177.235,57.128.177.235,443,2.92,GB,LHR,76.81,85.35
57.128.179.111,57.128.179.111,443,2.91,GB,LHR,94.5,79.77
78.129.253.115,78.129.253.115,443,2.9,GB,LHR,79.61,84.78
57.129.137.244,57.129.137.244,8443,2.87,GB,LHR,75.36,82.75
57.128.181.89,57.128.181.89,443,2.85,GB,LHR,77.46,92.63
57.129.137.242,57.129.137.242,8443,2.83,GB,LHR,80.21,90.31
57.128.182.234,57.128.182.234,8443,2.81,GB,LHR,84.24,122.93
57.129.137.54,57.129.137.54,8443,2.8,GB,LHR,77.55,100.03
57.128.177.191,57.128.177.191,8443,2.8,GB,LHR,85.67,97.32
57.128.178.42,57.128.178.42,443,2.8,GB,LHR,88.83,87.67
57.128.177.191,57.128.177.191,443,2.78,GB,LHR,82.84,96.98
57.129.137.235,57.129.137.235,8443,2.77,GB,LHR,77.24,106.55
57.129.137.66,57.129.137.66,8443,2.77,GB,LHR,77.32,91.17
57.129.137.228,57.129.137.228,8443,2.77,GB,LHR,92.23,88.88
57.129.137.233,57.129.137.233,8443,2.73,GB,LHR,76.64,92.21
57.128.176.149,57.128.176.149,8443,2.72,GB,LHR,82.52,83.89
57.128.179.111,57.128.179.111,8443,2.7,GB,LHR,83.13,81.59
57.129.137.230,57.129.137.230,443,2.69,GB,LHR,98.5,89.85
57.129.137.66,57.129.137.66,443,2.68,GB,LHR,80.74,99.54
57.129.137.206,57.129.137.206,443,2.68,GB,LHR,82.73,134.67
57.128.181.18,57.128.181.18,8443,2.65,GB,LHR,84.24,92.55
57.128.181.89,57.128.181.89,8443,2.64,GB,LHR,77.17,85.74
57.129.137.213,57.129.137.213,443,2.62,GB,LHR,77.12,87.87
57.129.137.62,57.129.137.62,443,2.61,GB,LHR,81.15,85.64
57.129.137.244,57.129.137.244,443,2.59,GB,LHR,76.72,81.58
57.128.181.247,57.128.181.247,8443,2.58,GB,LHR,75.86,103.22
57.129.137.237,57.129.137.237,443,2.57,GB,LHR,75.46,83.29
217.154.53.220,217.154.53.220,8443,2.56,GB,LHR,94.66,117.02
57.129.137.53,57.129.137.53,8443,2.55,GB,LHR,100.23,87.29
57.129.137.77,57.129.137.77,443,2.54,GB,LHR,74.71,84.61
57.128.183.245,57.128.183.245,8443,2.52,GB,LHR,79.14,89.96
57.128.182.61,57.128.182.61,8443,2.5,GB,LHR,75.63,81.32
57.129.137.234,57.129.137.234,443,2.5,GB,LHR,79.84,83.74
57.128.181.91,57.128.181.91,443,2.48,GB,LHR,81.3,98.94
57.129.137.209,57.129.137.209,443,2.48,GB,LHR,77.44,108.1
57.128.178.42,57.128.178.42,8443,2.47,GB,LHR,87.92,86.79
185.66.164.51,185.66.164.4,443,2.47,GB,LHR,79.46,93.91
57.128.181.24,57.128.181.24,443,2.43,GB,LHR,89.32,109.02
57.128.183.90,57.128.183.90,8443,2.41,GB,LHR,74.52,86.21
57.129.137.94,57.129.137.94,8443,2.41,GB,LHR,76.33,83.45
57.129.137.76,57.129.137.76,8443,2.36,GB,LHR,92.63,83.99
57.128.183.137,57.128.183.137,8443,2.35,GB,LHR,105.3,88.98
57.128.183.79,57.128.183.79,443,2.34,GB,LHR,76.66,85.23
57.128.183.143,57.128.183.143,8443,2.34,GB,LHR,75.83,92.71
213.165.88.177,213.165.88.177,443,2.33,GB,LHR,94.34,118.35
57.128.180.59,57.128.180.59,8443,2.31,GB,LHR,80.91,84.53
57.129.137.206,57.129.137.206,8443,2.31,GB,LHR,78.0,132.32
57.128.183.107,57.128.183.107,443,2.28,GB,LHR,75.5,84.63
57.129.137.208,57.129.137.208,443,2.28,GB,LHR,87.48,100.76
57.128.181.82,57.128.181.82,8443,2.26,GB,LHR,74.76,85.93
57.129.137.207,57.129.137.207,443,2.24,GB,LHR,76.96,107.91
57.128.181.219,57.128.181.219,443,2.23,GB,LHR,82.69,81.81
57.129.137.216,57.129.137.216,8443,2.21,GB,LHR,74.07,82.72
57.129.137.220,57.129.137.220,8443,2.21,GB,LHR,76.56,86.63
57.129.137.221,57.129.137.221,8443,2.19,GB,LHR,86.17,80.94
57.129.137.221,57.129.137.221,443,2.16,GB,LHR,77.23,86.24
57.128.183.107,57.128.183.107,8443,2.15,GB,LHR,77.62,83.59
57.129.137.62,57.129.137.62,8443,2.13,GB,LHR,104.09,96.44
57.129.137.225,57.129.137.225,8443,2.11,GB,LHR,86.52,86.15
57.128.183.3,57.128.183.3,8443,2.1,GB,LHR,83.28,99.27
57.128.183.13,57.128.183.13,443,2.09,GB,LHR,74.83,85.96
57.129.137.95,57.129.137.95,443,2.05,GB,LHR,76.78,90.51
57.128.178.232,57.128.178.232,8443,2.01,GB,LHR,82.5,82.21
57.128.183.79,57.128.183.79,8443,2.01,GB,LHR,78.1,110.96
57.129.137.67,57.129.137.67,8443,1.98,GB,LHR,79.43,108.35
57.128.183.143,57.128.183.143,443,1.98,GB,LHR,75.27,92.49
57.129.137.238,57.129.137.238,443,1.95,GB,LHR,82.07,152.96
57.129.137.58,57.129.137.58,443,1.92,GB,LHR,74.85,98.03
57.128.181.18,57.128.181.18,443,1.92,GB,LHR,85.42,131.19
57.129.137.211,57.129.137.211,443,1.89,GB,LHR,76.62,89.13
57.128.181.125,57.128.181.125,443,1.88,GB,LHR,82.49,89.53
57.129.137.196,57.129.137.196,443,1.87,GB,LHR,82.1,83.98
57.128.182.76,57.128.182.76,443,1.86,GB,LHR,82.44,80.05
57.128.183.196,57.128.183.196,443,1.75,GB,LHR,80.91,84.73
57.128.180.238,57.128.180.238,8443,1.71,GB,LHR,76.63,83.67
57.129.137.242,57.129.137.242,443,1.69,GB,LHR,81.72,87.7
57.129.137.220,57.129.137.220,443,1.69,GB,LHR,81.54,93.64
57.128.183.108,57.128.183.108,8443,1.68,GB,LHR,82.3,93.53
57.128.179.9,57.128.179.9,443,1.68,GB,LHR,78.57,87.73
132.145.46.142,132.145.46.142,443,1.67,GB,LHR,84.66,89.48
57.128.177.198,57.128.177.198,8443,1.64,GB,LHR,76.8,83.84
57.128.183.137,57.128.183.137,443,1.64,GB,LHR,96.54,87.62
57.128.181.219,57.128.181.219,8443,1.64,GB,LHR,87.8,84.26
57.128.183.13,57.128.183.13,8443,1.64,GB,LHR,75.23,84.64
57.128.181.24,57.128.181.24,8443,1.62,GB,LHR,89.21,113.48
57.129.137.210,57.129.137.210,8443,1.61,GB,LHR,88.03,82.28
57.128.176.90,57.128.176.90,8443,1.6,GB,LHR,75.76,91.36
57.128.180.238,57.128.180.238,443,1.59,GB,LHR,81.07,82.97
68.168.31.169,68.168.31.164,443,1.59,GB,LHR,179.5,189.58
57.128.181.125,57.128.181.125,8443,1.58,GB,LHR,77.09,93.66
57.128.181.82,57.128.181.82,443,1.58,GB,LHR,76.56,85.67
57.128.177.22,57.128.177.22,8443,1.57,GB,LHR,75.58,90.91
57.128.176.90,57.128.176.90,443,1.57,GB,LHR,82.67,92.97
57.128.177.22,57.128.177.22,443,1.56,GB,LHR,76.86,87.67
18.170.77.148,18.170.77.148,443,1.53,GB,LHR,86.16,84.64
57.129.137.58,57.129.137.58,8443,1.53,GB,LHR,75.87,98.09
57.128.178.164,57.128.178.164,8443,1.53,GB,LHR,75.89,84.07
57.129.137.53,57.129.137.53,443,1.51,GB,LHR,89.51,85.75
57.128.181.26,57.128.181.26,8443,1.5,GB,LHR,78.43,109.96
87.106.65.110,87.106.65.110,443,1.5,GB,LHR,95.01,123.28
57.128.181.26,57.128.181.26,443,1.48,GB,LHR,82.49,93.82
91.149.202.142,91.149.202.142,443,1.47,GB,LHR,191.01,203.13
57.129.137.234,57.129.137.234,8443,1.46,GB,LHR,76.78,80.96
57.129.137.95,57.129.137.95,8443,1.46,GB,LHR,77.71,93.41
57.128.179.9,57.128.179.9,8443,1.46,GB,LHR,76.93,84.69
57.128.176.149,57.128.176.149,443,1.45,GB,LHR,87.95,92.8
57.129.137.235,57.129.137.235,443,1.44,GB,LHR,83.86,116.38
57.129.137.237,57.129.137.237,8443,1.42,GB,LHR,82.58,79.89
91.227.62.165,69.42.213.171,443,1.41,GB,LHR,198.65,206.83
85.159.229.122,85.159.229.122,443,1.4,GB,DUB,93.03,116.72
57.128.182.76,57.128.182.76,8443,1.38,GB,LHR,76.54,80.63
57.129.137.209,57.129.137.209,8443,1.38,GB,LHR,80.77,119.16
57.129.137.228,57.129.137.228,443,1.35,GB,LHR,86.73,86.45
91.149.238.31,91.149.238.31,443,1.34,GB,LHR,200.66,201.15
57.128.183.225,57.128.183.225,443,1.31,GB,LHR,95.42,110.0
57.129.137.199,57.129.137.199,443,1.31,GB,LHR,100.68,86.0
57.128.178.232,57.128.178.232,443,1.28,GB,LHR,79.73,85.04
57.129.137.230,57.129.137.230,8443,1.2,GB,LHR,100.67,97.34
57.128.183.225,57.128.183.225,8443,1.19,GB,LHR,85.43,92.59
57.129.137.199,57.129.137.199,8443,1.19,GB,LHR,81.57,99.1
92.246.136.38,2a0b:4140:4cc8::2,443,1.14,GB,FRA,114.45,99.72
57.128.183.196,57.128.183.196,8443,1.13,GB,LHR,93.01,87.42
57.128.183.108,57.128.183.108,443,1.05,GB,LHR,79.22,84.05
57.129.137.211,57.129.137.211,8443,1.03,GB,LHR,75.71,86.78
57.129.137.90,57.129.137.90,443,1.01,GB,LHR,78.57,84.36
57.129.137.71,57.129.137.71,443,1.01,GB,LHR,83.33,105.48
57.129.137.69,57.129.137.69,8443,1.0,GB,LHR,82.45,101.8
45.38.42.11,2a13:7c00:7:4:f816:3eff:feea:f41,443,1.63,HK,HKG,264.41,228.17
216.236.38.234,2404:c140:1f00:1e::12b2,443,1.6,HK,HKG,200.8,231.44
95.40.61.115,95.40.61.115,443,1.44,HK,HKG,214.67,213.59
23.141.52.169,23.141.52.169,443,1.43,HK,HKG,230.83,357.21
43.128.21.39,43.128.21.39,443,1.41,HK,HKG,206.68,219.74
217.60.38.113,2a13:7c00:7:5:f816:3eff:fe42:4f20,443,1.41,HK,HKG,207.49,207.97
165.154.20.213,165.154.20.213,443,1.39,HK,SIN,201.34,283.12
47.239.4.246,47.239.4.246,2053,1.38,HK,HKG,209.68,224.1
205.189.160.29,205.189.160.29,443,1.38,HK,HKG,217.53,246.71
103.219.194.43,103.219.194.43,443,1.36,HK,HKG,223.37,218.48
103.192.179.132,103.192.179.132,443,1.33,HK,HKG,211.82,228.19
176.98.181.71,176.98.181.71,443,1.28,HK,HKG,213.53,230.32
23.156.153.57,23.156.153.57,443,1.06,HK,HKG,210.19,211.18
47.239.4.246,47.239.4.246,8443,1.05,HK,HKG,203.91,232.06
103.111.114.87,103.111.114.87,443,1.86,IN,BOM,205.55,214.93
172.236.187.52,172.236.187.52,443,1.46,IN,BOM,195.86,200.63
143.110.247.61,143.110.247.61,443,1.33,IN,BLR,211.16,218.11
216.10.243.159,43.225.54.7,443,1.2,IN,BOM,182.19,191.11
143.110.247.61,143.110.247.61,2096,1.11,IN,BLR,204.85,216.62
143.110.247.61,143.110.247.61,8443,1.06,IN,BLR,206.38,219.43
45.89.105.211,45.89.105.211,443,1.04,IN,BOM,200.13,214.62
143.110.247.61,143.110.247.61,2053,1.04,IN,BLR,201.81,213.41
150.230.5.126,150.230.5.126,443,2.64,JP,KIX,180.37,269.19
160.16.59.9,160.16.59.9,443,2.62,JP,NRT,175.5,221.92
43.170.8.95,43.175.16.79,443,2.57,JP,NRT,174.1,163.2
158.179.177.52,158.179.177.52,443,2.48,JP,NRT,159.55,165.56
8.219.195.31,8.221.172.7,443,2.48,JP,NRT,224.08,317.33
8.219.155.125,8.221.173.53,443,2.45,JP,NRT,223.35,337.58
153.121.45.101,153.121.45.101,443,2.43,JP,NRT,176.52,167.47
153.121.32.71,153.121.32.71,443,2.3,JP,NRT,159.75,163.88
8.222.185.236,8.221.173.53,443,2.27,JP,NRT,262.83,347.27
168.138.46.67,168.138.46.67,443,2.18,JP,KIX,172.97,171.13
142.248.139.180,142.248.139.180,443,1.96,JP,NRT,165.07,174.83
89.125.244.195,89.125.244.195,443,1.65,JP,NRT,171.49,171.69
160.16.62.84,160.16.62.84,443,1.55,JP,NRT,160.2,167.46
64.176.54.102,64.176.54.102,443,1.5,JP,KIX,166.7,170.94
8.222.193.153,8.221.172.2,443,1.42,JP,NRT,237.14,304.9
178.157.58.126,178.157.58.126,443,1.35,JP,KIX,169.45,178.08
153.121.76.150,153.121.76.150,443,1.31,JP,NRT,162.19,165.5
149.28.21.106,149.28.21.106,443,1.1,JP,NRT,166.48,171.75
211.49.57.175,211.49.57.175,443,2.45,KR,ICN,193.67,188.71
211.49.57.161,211.49.57.161,443,2.13,KR,ICN,189.89,189.69
158.247.198.196,2401:c080:1c02:7e:5400:6ff:fe23:b6e5,443,2.13,KR,ICN,186.21,195.98
211.49.57.179,211.49.57.179,443,2.02,KR,ICN,181.59,188.99
45.93.31.34,45.93.31.34,443,2.01,KR,ICN,189.03,209.29
211.49.57.178,211.49.57.178,443,2.0,KR,ICN,186.33,197.34
123.111.169.70,123.111.169.70,2083,1.85,KR,ICN,187.0,211.05
193.123.232.91,193.123.232.91,443,1.74,KR,ICN,191.9,207.17
123.111.169.70,123.111.169.70,2053,1.61,KR,ICN,187.17,212.26
129.154.50.159,2603:c024:f:42bb:103e:2ba7:f6bc:66f7,443,1.58,KR,ICN,210.16,363.92
158.180.71.69,158.180.71.69,443,1.55,KR,ICN,205.31,341.45
140.238.17.157,2603:c022:800d:d100::aaaa,443,1.46,KR,ICN,200.9,197.79
118.218.10.159,118.218.10.159,443,1.44,KR,ICN,181.52,187.08
144.24.73.232,144.24.73.232,443,1.36,KR,ICN,195.91,204.32
146.56.188.74,146.56.188.74,443,1.36,KR,ICN,204.75,209.59
3.35.238.2,3.35.238.2,443,1.27,KR,ICN,186.29,193.99
123.111.169.70,123.111.169.70,443,1.14,KR,ICN,185.39,190.11
158.247.199.106,158.247.199.106,443,1.14,KR,ICN,189.95,197.94
123.111.169.70,123.111.169.70,8443,1.11,KR,ICN,188.28,219.71
161.118.158.9,161.118.158.9,443,1.08,KR,ICN,192.2,197.09
64.110.70.64,2603:c022:8001:6c11:bf03:707a:ed83:fcb6,443,1.08,KR,ICN,219.51,219.57
193.123.233.175,193.123.233.175,443,1.07,KR,ICN,200.7,203.77
123.111.169.70,123.111.169.70,2087,1.07,KR,ICN,186.96,213.62
31.58.137.94,31.58.137.94,443,9.26,LV,RIX,132.89,213.98
188.253.23.155,188.253.23.155,443,8.53,LV,VNO,128.06,136.56
46.8.64.53,46.8.64.53,443,8.04,LV,ARN,120.91,140.95
31.56.197.86,31.56.197.86,443,7.9,LV,ARN,124.76,184.61
31.57.106.178,31.57.106.178,443,7.64,LV,ARN,106.51,146.16
109.206.236.211,109.206.236.211,443,7.59,LV,RIX,122.97,264.03
31.57.62.124,31.57.62.124,443,7.38,LV,ARN,121.21,156.36
217.145.79.186,217.145.79.186,2053,7.16,LV,RIX,118.29,136.64
31.59.106.71,31.59.106.71,443,7.13,LV,ARN,226.93,267.51
46.8.228.165,46.8.228.165,443,6.51,LV,ARN,195.09,190.96
31.57.105.51,31.57.105.51,443,6.13,LV,ARN,121.36,246.02
193.164.155.38,193.164.155.38,443,5.96,LV,ARN,132.23,255.65
31.57.92.60,31.57.92.60,443,5.82,LV,RIX,128.65,140.49
31.58.137.196,31.58.137.196,443,5.81,LV,ARN,118.98,217.34
109.248.163.191,109.248.163.191,443,5.65,LV,RIX,126.19,141.22
104.252.127.144,104.252.127.144,443,5.59,LV,ARN,119.45,172.99
104.253.43.249,104.253.43.249,443,5.47,LV,ARN,178.62,247.33
62.76.239.244,62.76.239.244,443,5.39,LV,ARN,170.42,153.98
31.56.177.194,31.56.177.194,443,5.34,LV,ARN,112.82,150.09
5.178.96.160,5.178.96.160,443,5.18,LV,RIX,114.54,156.69
213.155.12.173,213.155.12.173,443,5.14,LV,WAW,109.02,137.87
45.91.193.118,45.91.193.118,443,5.13,LV,ARN,118.23,146.69
45.43.76.227,45.43.76.227,443,4.99,LV,ARN,137.2,151.92
91.197.1.119,91.197.1.119,443,4.63,LV,VNO,114.54,127.1
104.252.127.58,104.252.127.58,443,4.46,LV,ARN,111.11,151.38
31.57.105.140,31.57.105.140,443,3.33,LV,RIX,120.68,119.91
193.68.89.220,193.68.89.220,8443,2.79,LV,ARN,115.27,117.41
193.68.89.220,193.68.89.220,443,2.74,LV,ARN,112.88,116.81
46.21.80.141,46.21.80.141,8443,2.62,LV,RIX,111.66,266.83
45.130.215.242,45.130.215.242,443,2.61,LV,ARN,109.34,122.06
31.56.117.15,31.56.117.15,443,2.52,LV,RIX,127.54,134.06
94.183.190.104,94.183.190.104,443,2.4,LV,RIX,120.32,114.52
31.56.204.194,31.56.204.194,443,2.35,LV,RIX,105.14,114.77
31.56.206.215,31.56.206.215,443,2.33,LV,RIX,115.47,133.08
31.57.158.134,31.57.158.134,443,2.24,LV,RIX,109.87,169.45
195.135.253.175,195.135.253.175,443,2.12,LV,VNO,105.65,128.27
217.147.15.82,217.147.15.82,443,2.12,LV,WAW,120.97,138.8
188.130.206.87,188.130.206.87,443,2.06,LV,RIX,105.62,112.82
45.130.215.242,45.130.215.242,2053,1.99,LV,ARN,108.66,122.9
85.31.102.163,85.31.102.163,443,1.88,LV,RIX,116.46,125.99
94.158.219.126,94.158.219.126,443,1.85,LV,VNO,113.51,118.12
46.8.237.3,46.8.237.3,443,1.84,LV,ARN,125.95,141.41
217.60.60.38,217.60.60.38,443,1.73,LV,RIX,106.85,123.13
31.57.105.164,31.57.105.164,443,1.67,LV,ARN,118.18,135.77
46.8.64.228,46.8.64.228,443,1.66,LV,RIX,117.59,339.17
213.21.222.117,213.21.222.117,443,1.58,LV,RIX,113.57,125.76
46.8.228.78,46.8.228.78,443,1.58,LV,RIX,106.3,118.73
77.73.71.196,77.73.71.196,443,1.48,LV,VNO,113.0,187.91
45.38.139.79,45.38.139.79,443,1.46,LV,RIX,129.45,122.39
46.21.80.141,46.21.80.141,443,1.14,LV,RIX,159.87,183.83
31.59.41.159,31.59.41.159,443,1.1,LV,ARN,114.12,145.62
31.58.46.87,31.58.46.87,443,1.07,LV,ARN,129.74,183.0
95.182.99.65,95.182.99.65,443,1.03,LV,RIX,118.34,115.86
38.7.145.212,38.7.145.212,443,23.47,NL,AMS,107.83,115.67
77.220.214.135,77.220.214.135,443,18.39,NL,AMS,96.95,120.65
194.87.82.149,194.87.82.149,443,17.47,NL,AMS,290.18,140.28
38.7.145.212,38.7.145.212,8443,16.7,NL,AMS,89.82,94.51
38.180.213.105,38.180.213.105,443,16.29,NL,AMS,101.11,133.02
185.239.71.145,185.239.71.145,443,15.24,NL,AMS,84.62,87.15
51.15.70.69,51.15.70.69,443,15.13,NL,AMS,90.3,91.14
89.35.131.5,89.35.131.5,443,15.1,NL,AMS,102.61,116.78
188.253.25.212,188.253.25.212,443,14.34,NL,AMS,93.82,118.84
136.244.111.237,136.244.111.237,443,14.24,NL,AMS,94.99,138.37
144.31.24.77,144.31.24.77,443,14.16,NL,AMS,123.06,114.1
185.21.10.43,185.21.10.43,443,14.0,NL,AMS,142.5,116.28
144.124.245.51,144.124.245.51,443,12.72,NL,AMS,97.58,101.72
103.45.247.67,103.45.247.67,443,12.52,NL,AMS,102.78,98.25
165.232.89.21,165.232.89.21,443,12.16,NL,AMS,126.85,162.5
158.101.214.54,158.101.214.54,443,12.01,NL,AMS,82.76,98.0
141.227.130.76,141.227.130.76,443,11.95,NL,AMS,97.02,121.16
185.185.41.34,185.185.41.34,443,11.48,NL,AMS,100.34,88.52
138.124.67.58,138.124.67.58,443,11.15,NL,AMS,100.15,114.76
5.181.180.20,5.181.180.20,443,10.98,NL,AMS,111.27,100.2
2.58.56.125,2.58.56.125,443,10.64,NL,AMS,87.71,112.66
134.209.136.197,64.225.77.36,443,10.54,NL,AMS,91.56,92.81
62.84.97.123,62.84.97.123,443,10.19,NL,AMS,104.95,151.99
212.80.218.161,212.80.218.161,443,9.91,NL,AMS,125.74,106.56
178.62.242.239,178.62.242.239,443,9.34,NL,AMS,88.34,143.83
151.242.120.8,67.220.80.252,443,9.15,NL,DUS,91.54,124.17
185.36.143.187,185.36.143.187,443,8.79,NL,AMS,96.83,107.49
152.53.200.78,152.53.200.78,8443,8.73,NL,AMS,132.65,128.12
152.53.200.105,152.53.200.105,8443,8.61,NL,AMS,116.76,169.81
163.5.207.110,163.5.207.110,443,8.58,NL,AMS,89.58,156.35
86.107.197.161,86.107.197.161,443,8.3,NL,AMS,89.75,336.01
23.168.72.85,23.168.72.85,443,7.82,NL,DUS,85.95,103.21
152.53.200.193,152.53.200.193,8443,7.68,NL,AMS,100.34,150.63
195.133.38.112,195.133.38.112,443,7.65,NL,AMS,86.66,151.06
23.168.72.17,23.168.72.17,443,7.22,NL,DUS,96.15,108.69
95.181.162.170,95.181.162.170,443,7.13,NL,AMS,117.13,171.82
152.53.200.51,152.53.200.51,443,7.03,NL,AMS,100.29,121.48
103.97.88.133,103.97.88.133,8443,6.95,NL,AMS,90.87,95.08
38.180.117.83,38.180.117.83,443,6.93,NL,AMS,120.74,135.54
2.27.169.138,2.27.169.138,443,6.92,NL,AMS,138.77,301.24
2.27.169.2,2.27.169.2,443,6.86,NL,AMS,95.93,100.96
152.53.200.210,152.53.200.210,443,6.8,NL,AMS,100.4,135.07
152.53.200.71,152.53.200.71,443,6.63,NL,AMS,107.9,111.43
43.250.53.73,43.250.53.73,443,6.55,NL,AMS,92.47,99.76
152.53.200.71,152.53.200.71,8443,6.44,NL,AMS,101.91,117.02
45.133.118.153,45.133.118.153,443,6.42,NL,AMS,91.97,120.09
195.63.129.36,195.63.135.129,443,6.41,NL,AMS,96.4,103.59
152.53.200.78,152.53.200.78,443,6.39,NL,AMS,113.13,139.78
152.53.200.105,152.53.200.105,443,6.29,NL,AMS,130.26,125.21
2.27.169.249,2.27.169.249,443,6.24,NL,AMS,112.65,162.6
186.190.213.211,186.190.213.82,443,6.11,NL,DUS,125.71,186.42
109.248.162.37,109.248.162.37,443,6.09,NL,AMS,134.27,199.91
2.27.169.58,2.27.169.58,443,6.05,NL,AMS,101.66,100.33
152.53.200.210,152.53.200.210,8443,6.03,NL,AMS,100.47,200.81
152.53.200.69,152.53.200.69,8443,5.82,NL,AMS,112.65,119.33
45.87.121.7,45.87.121.7,443,5.81,NL,AMS,100.4,105.69
31.57.196.196,31.57.196.196,443,5.75,NL,AMS,98.82,121.28
91.201.115.92,91.201.115.92,443,5.69,NL,AMS,112.5,127.31
5.180.182.128,5.180.182.128,443,5.65,NL,AMS,98.13,102.84
161.35.247.7,161.35.247.7,443,5.53,NL,AMS,92.51,96.15
152.53.200.18,152.53.200.18,443,5.49,NL,AMS,117.56,105.46
78.40.197.85,78.40.197.85,443,5.45,NL,AMS,102.86,114.23
152.53.200.197,152.53.200.197,443,5.44,NL,AMS,102.94,118.45
152.53.200.193,152.53.200.193,443,5.31,NL,AMS,126.1,131.02
151.246.240.8,67.220.80.252,443,5.27,NL,DUS,98.71,103.92
152.53.200.15,152.53.200.15,443,5.27,NL,AMS,102.83,115.59
43.170.17.114,43.174.105.35,443,5.24,NL,AMS,88.18,92.97
152.53.200.118,152.53.200.118,8443,5.19,NL,AMS,106.01,124.15
144.31.97.87,144.31.97.87,443,5.19,NL,FRA,131.16,134.93
31.57.196.9,31.57.196.9,443,5.11,NL,AMS,99.72,130.44
213.142.147.133,213.142.147.133,443,5.0,NL,AMS,92.2,108.1
152.53.200.51,152.53.200.51,8443,4.94,NL,AMS,111.0,122.76
193.168.199.94,193.168.199.94,443,4.88,NL,AMS,89.59,100.35
152.53.200.69,152.53.200.69,443,4.84,NL,AMS,103.34,120.74
178.62.206.22,178.62.206.22,443,4.75,NL,AMS,93.79,97.44
152.53.200.241,152.53.200.241,8443,4.74,NL,AMS,100.09,119.85
217.144.189.83,217.144.189.83,443,4.73,NL,FRA,112.03,186.11
31.57.196.193,31.57.196.193,443,4.69,NL,AMS,97.53,114.95
62.60.246.90,62.60.246.90,443,4.58,NL,FRA,107.53,171.69
82.115.6.21,82.115.6.21,443,4.54,NL,AMS,89.19,95.98
178.173.252.197,178.173.252.197,443,4.41,NL,AMS,82.23,94.07
152.53.200.165,152.53.200.165,443,4.41,NL,AMS,99.85,119.97
31.15.19.199,31.15.19.199,443,4.32,NL,AMS,91.17,121.46
2.27.169.193,2.27.169.193,443,4.3,NL,AMS,94.92,130.29
209.250.255.90,209.250.255.90,443,4.28,NL,AMS,85.9,91.58
152.53.200.126,152.53.200.126,443,4.27,NL,AMS,111.43,115.84
152.53.200.197,152.53.200.197,8443,4.26,NL,AMS,104.15,116.56
152.53.200.18,152.53.200.18,8443,4.22,NL,AMS,104.88,119.18
152.53.200.118,152.53.200.118,443,4.21,NL,AMS,110.85,119.57
77.221.155.117,77.221.155.117,443,4.03,NL,FRA,112.19,177.92
152.53.200.241,152.53.200.241,443,4.02,NL,AMS,113.9,118.09
165.232.80.138,165.232.80.138,443,3.95,NL,AMS,103.55,92.41
146.103.122.49,146.103.122.49,443,3.9,NL,AMS,113.22,109.36
152.53.200.15,152.53.200.15,8443,3.89,NL,AMS,100.46,120.01
43.250.54.107,43.250.54.107,8443,3.81,NL,AMS,97.09,108.74
195.211.124.7,195.211.124.7,443,3.81,NL,AMS,103.65,153.25
103.97.88.133,103.97.88.133,443,3.8,NL,AMS,81.65,89.88
109.176.207.168,109.176.207.168,443,3.74,NL,AMS,82.65,89.12
152.53.200.124,152.53.200.124,443,3.72,NL,AMS,101.27,122.44
188.166.79.180,188.166.79.180,443,3.72,NL,AMS,102.36,97.59
23.94.220.233,23.94.220.233,443,3.57,NL,AMS,92.35,124.36
31.56.222.122,31.56.222.122,443,3.51,NL,AMS,117.43,364.53
88.210.12.132,88.210.12.132,443,3.45,NL,AMS,110.72,120.07
185.209.162.35,185.209.162.35,443,3.45,NL,AMS,84.74,93.91
43.250.53.73,43.250.53.73,8443,3.44,NL,AMS,97.13,98.28
2.26.83.250,2.26.83.250,443,3.44,NL,AMS,108.86,115.04
45.154.35.142,45.154.35.142,443,3.33,NL,AMS,90.05,114.06
141.144.195.228,141.144.195.228,443,3.2,NL,AMS,83.14,90.29
178.173.248.64,178.173.248.64,443,3.18,NL,AMS,87.41,103.11
209.38.101.169,209.38.101.169,443,3.16,NL,AMS,104.57,104.94
89.42.142.219,89.42.142.219,443,3.11,NL,AMS,88.44,127.19
67.220.80.6,67.220.80.6,443,3.08,NL,DUS,99.93,100.91
151.247.25.120,151.247.25.120,443,3.04,NL,AMS,91.33,111.93
185.130.224.236,185.130.224.236,443,2.97,NL,AMS,94.63,136.95
31.57.196.41,31.57.196.41,443,2.94,NL,AMS,100.63,105.11
45.87.107.158,45.87.107.158,443,2.93,NL,AMS,106.77,185.27
62.60.244.97,2a01:e5c0:451f::2,443,2.93,NL,FRA,130.0,178.81
186.190.213.227,186.190.213.5,443,2.87,NL,DUS,92.18,96.41
152.53.200.164,152.53.200.164,8443,2.86,NL,AMS,104.42,113.85
5.101.84.107,5.101.84.107,443,2.85,NL,DUS,93.72,115.81
152.53.200.165,152.53.200.165,8443,2.85,NL,AMS,108.12,109.79
2.27.169.216,2.27.169.216,443,2.84,NL,AMS,96.7,210.24
2.27.169.140,2.27.169.140,443,2.84,NL,AMS,95.24,102.49
88.218.248.211,88.218.248.211,443,2.82,NL,AMS,97.76,101.56
185.133.174.7,185.133.174.7,443,2.82,NL,AMS,96.78,114.65
185.180.196.64,185.180.196.64,443,2.81,NL,AMS,87.47,94.73
5.45.70.203,5.45.70.203,443,2.8,NL,AMS,84.55,109.23
138.226.220.60,138.226.220.60,443,2.79,NL,AMS,87.39,89.07
109.120.142.143,109.120.142.143,443,2.79,NL,AMS,99.83,134.54
144.124.228.213,144.124.228.213,8443,2.75,NL,AMS,95.79,114.96
186.190.213.5,186.190.213.5,443,2.75,NL,DUS,99.61,155.85
46.8.229.48,46.8.229.48,443,2.73,NL,AMS,93.3,111.88
45.149.234.214,45.149.234.214,443,2.73,NL,AMS,102.37,141.66
152.53.200.174,152.53.200.174,443,2.72,NL,AMS,100.94,119.26
77.239.112.150,77.239.112.150,443,2.68,NL,AMS,89.69,101.49
5.181.134.74,5.181.134.74,443,2.66,NL,AMS,84.11,128.86
152.53.200.72,152.53.200.72,8443,2.64,NL,AMS,99.2,119.99
152.53.200.174,152.53.200.174,8443,2.62,NL,AMS,99.0,120.6
144.124.241.129,144.124.241.129,443,2.59,NL,AMS,110.63,121.65
144.124.228.213,144.124.228.213,443,2.57,NL,AMS,94.36,100.85
185.112.59.65,185.112.59.65,443,2.54,NL,AMS,97.05,103.22
84.235.160.223,84.235.160.223,443,2.52,NL,AMS,83.4,90.97
168.100.9.81,168.100.9.81,443,2.49,NL,AMS,142.78,161.14
185.223.93.86,185.223.93.86,443,2.48,NL,AMS,95.77,95.97
2.27.169.162,2.27.169.162,443,2.44,NL,AMS,97.5,109.12
152.53.200.164,152.53.200.164,443,2.42,NL,AMS,109.49,116.87
31.15.19.10,31.15.19.10,443,2.4,NL,AMS,95.42,102.9
152.53.200.166,152.53.200.166,8443,2.39,NL,AMS,104.41,129.15
152.53.200.72,152.53.200.72,443,2.36,NL,AMS,99.34,119.16
82.115.5.207,82.115.5.207,443,2.32,NL,AMS,100.96,125.09
222.167.217.115,222.167.217.115,443,2.32,NL,AMS,95.95,113.42
202.148.53.62,202.148.53.62,443,2.31,NL,AMS,87.19,141.82
194.87.0.196,194.87.0.196,443,2.3,NL,AMS,85.11,90.34
152.53.200.200,152.53.200.200,8443,2.29,NL,AMS,117.29,113.1
141.227.131.75,141.227.131.75,443,2.29,NL,AMS,91.06,113.09
94.142.137.72,94.142.137.72,443,2.27,NL,AMS,101.36,116.83
152.53.200.129,152.53.200.129,8443,2.26,NL,AMS,100.08,148.66
82.115.5.207,82.115.5.207,8443,2.25,NL,AMS,90.47,120.76
23.94.217.14,23.94.217.14,443,2.25,NL,AMS,83.4,94.5
23.94.134.141,23.94.134.141,8443,2.21,NL,AMS,88.59,102.9
144.124.252.83,144.124.252.83,443,2.17,NL,AMS,114.38,124.91
91.232.114.118,91.232.114.118,443,2.16,NL,AMS,94.65,93.24
195.93.253.115,195.93.253.115,443,2.16,NL,AMS,91.19,100.28
132.243.166.21,132.243.166.21,443,2.14,NL,AMS,112.11,104.83
144.124.235.197,144.124.235.197,443,2.13,NL,AMS,94.05,105.46
152.53.200.166,152.53.200.166,443,2.09,NL,AMS,104.9,130.42
43.250.54.107,43.250.54.107,443,2.05,NL,AMS,96.32,144.56
68.183.1.163,68.183.1.163,443,2.01,NL,AMS,90.64,96.12
206.189.1.252,206.189.1.252,443,2.01,NL,AMS,99.78,96.6
152.53.200.129,152.53.200.129,443,2.01,NL,AMS,105.67,130.43
186.190.213.82,186.190.213.82,443,1.97,NL,DUS,96.84,105.41
82.115.4.109,82.115.4.109,443,1.9,NL,AMS,82.89,92.35
178.173.254.43,178.173.254.43,443,1.89,NL,AMS,82.17,89.67
45.88.67.65,45.88.67.65,443,1.87,NL,AMS,83.23,132.37
109.120.154.167,109.120.154.167,443,1.85,NL,AMS,93.24,99.92
185.81.115.188,185.81.115.188,443,1.8,NL,AMS,90.44,100.05
146.103.113.158,146.103.113.158,443,1.78,NL,AMS,102.36,117.93
2.59.183.210,2.59.183.210,443,1.78,NL,AMS,89.61,108.8
164.92.210.231,164.92.210.231,443,1.75,NL,AMS,96.53,114.61
152.53.200.139,152.53.200.139,8443,1.74,NL,AMS,120.62,119.01
23.94.134.141,23.94.134.141,443,1.71,NL,AMS,89.56,101.1
2.27.169.61,2.27.169.61,443,1.7,NL,AMS,106.12,112.51
167.99.44.172,167.99.44.172,443,1.66,NL,AMS,89.44,94.92
2.27.169.237,2.27.169.237,443,1.63,NL,AMS,95.35,101.71
62.212.68.100,62.212.68.100,443,1.63,NL,FRA,87.19,108.98
103.65.231.157,103.65.231.157,443,1.63,NL,AMS,95.53,119.75
185.103.255.142,185.103.255.142,443,1.62,NL,AMS,81.39,87.41
152.53.200.200,152.53.200.200,443,1.57,NL,AMS,101.0,134.52
2.27.169.118,2.27.169.118,443,1.54,NL,AMS,109.99,201.9
45.85.117.30,45.85.117.30,443,1.53,NL,AMS,102.99,97.03
37.48.90.120,37.48.90.120,443,1.48,NL,MAD,91.79,165.8
152.53.200.126,152.53.200.126,8443,1.48,NL,AMS,109.78,112.22
94.103.9.160,94.103.9.160,443,1.46,NL,AMS,94.7,93.76
217.144.185.122,217.144.185.122,443,1.44,NL,FRA,110.43,165.13
50.7.177.238,50.7.177.238,443,1.41,NL,AMS,88.94,100.47
146.103.114.134,146.103.114.134,443,1.41,NL,AMS,93.4,111.87
23.168.72.23,67.220.80.230,443,1.41,NL,DUS,86.31,97.27
31.57.196.162,31.57.196.162,443,1.39,NL,AMS,105.22,100.53
2.56.212.172,2.56.212.172,443,1.39,NL,AMS,94.01,97.08
178.208.87.161,178.208.87.161,443,1.37,NL,AMS,118.22,116.92
194.87.31.49,194.87.31.49,443,1.37,NL,AMS,98.9,118.39
152.53.200.139,152.53.200.139,443,1.34,NL,AMS,99.34,121.18
146.103.117.162,146.103.117.162,443,1.29,NL,AMS,100.31,100.14
212.118.39.237,212.118.39.237,443,1.28,NL,AMS,105.35,111.21
152.53.200.124,152.53.200.124,8443,1.28,NL,AMS,110.89,114.75
64.227.73.131,64.227.73.131,443,1.21,NL,AMS,88.46,96.35
2.27.169.240,2.27.169.240,443,1.21,NL,AMS,125.11,106.88
89.124.104.185,89.124.104.185,443,1.18,NL,AMS,111.15,115.76
138.124.79.11,138.124.79.11,443,1.12,NL,AMS,86.92,101.88
151.242.120.4,67.220.80.246,443,1.03,NL,DUS,94.06,101.25
193.106.196.250,193.106.196.250,443,6.97,PL,WAW,114.87,168.25
146.59.18.234,54.36.186.141,443,6.89,PL,WAW,109.48,114.05
188.116.40.37,188.116.40.37,443,6.84,PL,WAW,121.43,187.17
45.149.63.149,45.149.63.149,8443,6.45,PL,WAW,113.22,122.71
212.119.43.76,212.119.43.76,443,6.18,PL,WAW,104.05,111.73
89.126.229.173,89.126.229.173,443,6.1,PL,WAW,128.12,139.35
45.144.50.4,45.144.50.4,443,6.05,PL,RIX,111.95,141.23
51.68.141.223,51.68.141.223,443,5.59,PL,WAW,103.54,151.38
45.149.63.149,45.149.63.149,443,5.02,PL,WAW,120.04,123.32
193.108.170.80,193.108.170.80,443,4.88,PL,WAW,110.22,114.9
151.241.227.21,151.241.227.21,443,4.82,PL,WAW,106.55,127.13
2.27.79.22,2.27.79.22,443,4.78,PL,WAW,105.82,115.21
77.239.114.210,77.239.114.210,443,4.65,PL,WAW,99.21,106.7
70.34.243.123,70.34.243.123,443,4.06,PL,WAW,109.01,100.6
37.252.10.91,37.252.10.91,443,3.58,PL,WAW,118.43,168.0
138.124.20.93,138.124.20.93,443,2.74,PL,WAW,121.11,125.62
45.43.137.179,45.43.137.179,443,2.65,PL,VNO,105.49,150.13
82.40.38.216,82.40.38.216,443,2.5,PL,WAW,101.64,105.95
64.176.68.73,64.176.68.73,443,2.42,PL,WAW,112.57,101.6
95.85.254.27,95.85.254.27,443,2.29,PL,WAW,113.54,148.22
217.30.10.55,217.30.10.55,2087,2.18,PL,WAW,104.31,117.73
31.169.126.66,31.169.126.66,8443,2.17,PL,WAW,111.26,108.5
212.119.43.55,212.119.43.55,443,2.16,PL,WAW,112.62,111.2
82.38.65.88,82.38.65.88,443,2.13,PL,WAW,106.31,109.99
91.108.237.23,91.108.237.23,443,2.13,PL,WAW,105.21,110.92
194.87.128.46,194.87.128.46,443,2.1,PL,WAW,106.91,132.75
2.59.163.33,2.59.163.33,443,2.04,PL,WAW,101.42,123.23
31.169.126.66,31.169.126.66,443,1.96,PL,WAW,113.14,110.1
51.38.132.136,51.38.132.136,443,1.94,PL,WAW,103.89,125.41
212.192.11.208,212.192.11.208,443,1.92,PL,WAW,100.48,105.55
54.36.186.141,54.36.186.141,443,1.87,PL,WAW,103.17,122.63
2.26.5.52,2.26.5.52,443,1.77,PL,WAW,134.47,115.72
217.182.79.55,217.182.79.55,443,1.73,PL,WAW,102.86,150.49
51.75.32.106,217.182.79.55,8443,1.69,PL,WAW,109.24,111.07
82.118.20.234,82.118.20.234,443,1.62,PL,WAW,104.12,163.29
45.198.0.157,45.198.0.157,443,1.62,PL,WAW,120.03,142.4
94.103.0.67,94.103.0.67,443,1.59,PL,WAW,116.78,122.85
51.75.32.106,217.182.79.55,443,1.44,PL,WAW,108.34,117.32
78.10.222.98,78.10.222.98,443,1.4,PL,WAW,112.08,153.08
45.198.0.122,45.198.0.122,443,1.3,PL,WAW,99.56,114.68
37.252.6.119,37.252.6.119,443,1.29,PL,WAW,130.44,137.96
138.124.104.104,138.124.104.104,443,1.23,PL,WAW,100.47,112.32
103.167.234.26,103.167.234.26,443,1.16,PL,WAW,113.99,108.3
81.90.17.57,81.90.17.57,443,1.14,PL,WAW,102.17,110.32
217.182.79.55,217.182.79.55,8443,1.09,PL,WAW,105.06,147.46
191.101.184.50,191.101.184.50,443,1.01,PL,WAW,106.68,158.9
83.147.255.88,83.147.255.88,443,8.4,RU,ARN,138.84,140.28
176.113.81.56,176.113.81.56,443,6.02,RU,WAW,119.8,201.48
212.113.121.197,212.113.121.197,8443,5.99,RU,DME,113.42,162.62
5.129.243.72,5.129.243.72,443,5.43,RU,HEL,226.39,207.42
90.156.226.208,90.156.226.208,443,5.39,RU,AMS,143.91,186.76
212.113.121.197,212.113.121.197,443,5.36,RU,DME,120.68,185.19
217.26.28.58,217.26.28.58,443,4.99,RU,ARN,142.96,198.75
31.192.111.96,31.192.111.96,443,4.92,RU,DME,175.5,291.66
159.194.200.159,159.194.200.159,8443,4.88,RU,ARN,125.33,196.95
217.114.12.143,217.114.12.143,443,4.78,RU,ARN,124.55,189.47
178.253.39.156,178.253.39.156,443,4.64,RU,ARN,132.42,204.1
217.18.60.228,217.18.60.228,443,4.56,RU,AMS,112.77,191.19
91.184.244.230,91.184.244.230,443,4.39,RU,AMS,123.43,243.24
185.26.121.79,185.26.121.79,443,4.22,RU,ARN,135.95,157.69
95.213.226.60,95.213.226.60,443,4.06,RU,DME,128.48,156.68
82.146.38.33,82.146.38.33,443,3.98,RU,ARN,143.45,203.94
147.45.99.92,147.45.99.92,443,3.86,RU,DME,134.56,196.26
91.107.127.205,91.107.127.205,443,3.84,RU,FRA,134.16,215.43
185.217.199.148,185.217.199.148,443,3.68,RU,ARN,154.27,193.06
213.171.29.38,213.171.29.38,443,3.56,RU,DME,123.98,173.14
217.26.29.24,217.26.29.24,443,3.4,RU,ARN,137.96,194.65
84.252.75.139,84.252.75.139,443,3.27,RU,ARN,138.36,209.83
213.226.124.66,213.226.124.66,443,3.21,RU,AMS,123.2,186.62
80.87.198.98,80.87.198.98,443,3.13,RU,HEL,124.96,159.59
95.85.240.234,95.85.240.234,443,3.08,RU,DME,134.88,256.83
212.8.226.252,212.8.226.252,443,3.06,RU,ARN,143.33,208.82
185.247.185.103,185.247.185.103,443,2.95,RU,DME,113.86,168.41
159.194.200.159,159.194.200.159,443,2.92,RU,ARN,148.57,214.77
5.101.50.226,5.101.50.226,443,2.78,RU,DME,120.92,174.86
95.47.190.252,193.41.79.190,443,2.73,RU,FRA,135.28,245.39
79.174.13.53,79.174.13.53,443,2.7,RU,FRA,125.12,209.18
185.128.107.175,185.128.107.175,443,2.69,RU,ARN,142.86,184.89
185.137.235.254,185.151.243.200,443,2.54,RU,DME,110.02,187.01
2.26.104.64,2.26.104.64,443,2.26,RU,DME,124.99,153.41
155.212.134.112,155.212.134.112,443,2.04,RU,ARN,138.57,196.97
31.200.248.163,31.200.248.125,443,1.98,RU,ARN,129.71,177.88
185.151.243.200,185.151.243.200,443,1.95,RU,DME,122.2,154.09
194.87.252.166,194.87.252.166,443,1.93,RU,ARN,145.59,183.7
90.156.170.211,90.156.170.211,443,1.86,RU,ARN,150.77,216.15
103.113.68.210,103.113.68.210,443,1.8,RU,ARN,124.86,200.41
31.129.49.103,31.129.49.103,443,1.6,RU,DME,119.62,143.81
212.41.15.119,212.41.15.119,443,1.58,RU,DME,131.09,164.62
92.51.38.43,92.51.38.43,443,1.56,RU,DME,112.32,163.9
185.105.91.243,185.105.91.243,443,1.54,RU,ARN,134.71,179.9
85.209.135.219,85.209.135.219,443,1.49,RU,FRA,142.99,228.3
45.90.218.180,45.90.218.180,443,1.48,RU,ARN,143.32,299.97
31.129.49.103,31.129.49.103,8443,1.46,RU,ARN,133.07,132.23
178.20.41.204,178.20.41.204,443,1.44,RU,AMS,144.27,238.45
89.23.112.211,89.23.112.211,443,1.33,RU,ARN,115.7,182.29
178.20.41.204,178.20.41.204,8443,1.27,RU,AMS,134.79,233.6
31.192.111.185,31.192.111.185,443,1.24,RU,FRA,136.71,229.51
89.169.4.156,89.169.4.156,443,1.23,RU,ARN,144.97,208.39
81.85.78.197,81.85.78.197,443,1.2,RU,DME,142.61,158.04
45.90.218.109,45.90.218.109,443,1.19,RU,ARN,139.58,193.94
155.212.216.144,155.212.216.144,443,1.08,RU,ARN,163.5,168.4
93.77.165.76,93.77.165.76,443,1.05,RU,ARN,132.79,174.15
185.221.152.96,185.221.152.96,443,1.02,RU,FRA,137.84,214.29
142.111.244.42,142.111.244.42,443,7.91,SE,ARN,139.9,127.85
83.219.250.221,83.219.250.221,443,7.77,SE,ARN,102.62,112.06
87.251.85.34,87.251.85.34,443,7.77,SE,ARN,167.64,144.45
41.216.182.98,41.216.182.98,443,6.79,SE,ARN,106.68,130.8
80.66.78.207,80.66.78.207,443,6.42,SE,ARN,133.99,141.01
193.148.58.33,193.148.58.33,443,6.09,SE,ARN,128.22,176.19
192.145.30.27,192.145.30.27,443,5.4,SE,ARN,152.06,129.75
84.32.217.55,84.32.217.55,443,5.25,SE,ARN,101.83,106.13
192.145.30.224,192.145.30.224,443,5.16,SE,ARN,108.78,153.95
77.110.96.220,77.110.96.220,443,5.14,SE,MXP,161.55,237.67
185.159.75.51,185.159.75.51,443,5.1,SE,ARN,113.54,126.55
142.111.244.5,142.111.244.5,443,4.8,SE,ARN,118.04,163.87
91.186.212.246,91.186.212.246,443,4.76,SE,MXP,124.68,260.87
93.115.23.184,93.115.23.184,443,4.65,SE,ARN,98.67,106.83
138.124.71.139,138.124.71.139,443,3.98,SE,ARN,139.37,219.21
94.242.58.117,2a0c:16c3:500:1c::c7b4,443,3.86,SE,ARN,100.62,110.61
77.232.143.94,77.232.143.94,443,3.77,SE,ARN,127.91,298.51
91.186.216.240,91.186.216.240,443,3.59,SE,ARN,150.04,299.66
91.186.212.249,91.186.212.249,443,3.07,SE,MXP,126.01,297.78
185.58.115.45,185.58.115.45,443,3.06,SE,ARN,103.64,106.74
213.21.246.96,213.21.246.96,443,2.96,SE,MXP,137.05,224.73
91.186.219.82,91.186.219.82,443,2.95,SE,VIE,128.15,243.68
176.97.77.161,176.97.77.161,443,2.89,SE,ARN,121.9,122.7
51.20.202.203,51.20.202.203,443,2.8,SE,ARN,104.78,118.66
130.49.190.163,130.49.190.163,443,2.68,SE,ARN,113.3,120.24
95.143.196.18,95.143.196.18,443,2.68,SE,ARN,129.49,159.76
138.124.25.223,138.124.25.223,443,2.54,SE,ARN,129.48,305.17
89.22.236.0,89.22.236.0,443,2.47,SE,ARN,155.08,293.83
138.124.26.228,138.124.26.228,443,2.42,SE,ARN,142.38,258.86
213.21.246.96,213.21.246.96,8443,2.35,SE,MXP,127.77,226.09
185.229.221.92,185.229.221.92,443,2.28,SE,ARN,144.93,118.42
78.109.17.114,78.109.17.114,443,2.26,SE,ARN,97.82,106.59
64.112.124.252,64.112.124.252,443,2.24,SE,ARN,104.84,106.1
83.219.250.141,83.219.250.141,443,2.0,SE,ARN,104.28,143.73
192.145.30.213,192.145.30.213,8443,1.99,SE,ARN,127.05,127.67
41.216.182.105,41.216.182.105,443,1.94,SE,ARN,104.07,137.04
37.252.9.236,37.252.9.236,443,1.61,SE,ARN,109.28,125.4
192.145.30.213,192.145.30.213,443,1.57,SE,ARN,111.96,120.75
64.112.127.151,64.112.127.151,443,1.54,SE,ARN,109.36,105.39
91.223.169.237,91.223.169.237,443,1.48,SE,ARN,111.8,125.37
79.141.174.235,79.141.174.235,443,1.45,SE,ARN,101.8,131.06
89.169.34.174,89.169.34.174,443,1.4,SE,MXP,129.74,228.0
91.186.212.186,91.186.212.186,443,1.2,SE,MXP,128.0,237.76
91.186.216.59,91.186.216.59,443,1.15,SE,ARN,155.19,234.07
31.57.102.96,82.21.84.214,443,1.47,SG,SIN,224.6,227.43
45.197.12.118,45.197.12.118,443,1.41,SG,SIN,232.25,242.23
161.118.213.45,161.118.213.45,443,1.36,SG,SIN,222.5,228.35
31.57.102.95,82.21.84.214,443,1.32,SG,SIN,237.31,245.29
31.57.102.92,82.21.84.205,443,1.27,SG,SIN,224.43,230.88
109.121.39.70,109.121.39.70,443,1.27,SG,SIN,244.23,238.52
178.128.86.3,178.128.86.3,443,1.26,SG,SIN,221.25,254.91
47.82.155.79,47.82.155.79,443,1.24,SG,SIN,223.82,235.76
47.82.155.79,47.82.155.79,8443,1.24,SG,SIN,223.59,231.99
149.28.159.222,149.28.159.222,443,1.23,SG,SIN,311.55,398.89
43.134.174.114,43.134.174.114,443,1.22,SG,SIN,223.53,229.92
138.2.64.229,138.2.64.229,443,1.21,SG,SIN,234.26,304.99
31.57.102.93,82.21.84.205,443,1.2,SG,SIN,222.24,249.23
31.57.102.79,82.21.84.199,443,1.1,SG,SIN,248.17,224.98
47.82.155.79,47.82.155.79,2053,1.01,SG,SIN,223.37,245.44
60.249.21.30,60.249.21.30,443,1.8,TW,TPE,199.03,215.92
72.13.122.137,199.38.148.63,443,753.5,US,IAD,6.51,9.66
104.234.50.50,104.234.50.50,443,626.76,US,IAD,7.06,18.61
43.170.25.96,43.152.136.223,443,340.11,US,IAD,30.52,68.92
166.1.60.219,166.1.60.219,443,331.41,US,EWR,7.66,46.39
159.89.91.17,159.89.91.17,443,307.52,US,EWR,33.31,35.74
159.60.146.81,84.54.62.84,443,268.05,US,IAD,5.62,15.01
156.154.245.83,156.154.213.195,443,251.9,US,IAD,221.38,188.55
43.169.19.179,43.152.136.223,443,144.32,US,IAD,6.04,14.35
3.137.145.231,3.137.145.231,443,140.78,US,CMH,20.39,26.93
23.142.200.32,23.142.200.32,443,85.74,US,SLC,64.03,94.84
150.136.219.11,150.136.219.11,443,72.04,US,IAD,19.31,32.33
159.60.146.82,159.60.176.170,443,70.67,US,IAD,19.72,12.13
143.47.96.200,143.47.96.200,443,59.91,US,IAD,2.89,13.7
38.207.169.105,38.207.169.105,443,55.87,US,LAX,80.6,128.19
104.129.166.131,20.55.47.19,443,53.33,US,IAD,7.54,20.97
104.129.166.131,20.55.47.19,2083,51.11,US,IAD,5.64,8.88
141.148.93.235,141.148.93.235,443,48.21,US,IAD,19.4,20.53
168.151.20.157,2602:f988:210:c4f::7f4,443,47.59,US,LAX,57.25,112.52
129.213.150.222,129.213.150.222,443,46.08,US,IAD,58.59,61.39
104.129.166.131,20.55.47.19,2087,42.72,US,IAD,11.51,30.46
185.204.54.233,185.204.54.233,443,41.87,US,EWR,21.93,78.63
129.159.119.161,2603:c020:4013:7a7e:fdcd:bcf2:ae6a:3a94,443,37.62,US,IAD,28.11,11.69
140.99.254.179,140.99.254.179,443,32.89,US,IAD,14.75,17.92
104.129.166.131,20.55.47.19,2096,30.07,US,IAD,11.25,16.22
107.174.67.116,107.174.67.116,443,28.35,US,YYZ,18.23,82.08
104.129.166.131,20.55.47.19,8443,26.99,US,IAD,9.18,18.81
46.17.107.183,46.17.107.183,443,26.51,US,EWR,8.56,64.65
66.135.5.63,66.135.5.63,443,23.06,US,EWR,9.89,29.16
167.253.66.148,2602:fcc0:2222:7443::1,443,22.17,US,MIA,34.23,72.9
77.110.124.132,77.110.124.132,443,21.46,US,ATL,26.4,50.71
143.198.52.252,143.198.52.252,443,21.24,US,SJC,87.96,142.46
166.1.160.140,166.1.160.140,443,20.89,US,EWR,12.81,46.57
43.169.18.179,43.152.136.223,443,20.59,US,IAD,2.45,11.23
45.38.249.40,45.38.249.40,443,19.82,US,MCI,54.99,112.18
104.129.166.131,20.55.47.19,2053,19.18,US,IAD,15.41,11.49
18.216.55.100,18.216.55.100,443,17.64,US,CMH,14.37,21.29
50.228.203.26,50.228.203.26,443,16.74,US,MIA,49.81,57.72
37.123.194.251,37.123.194.251,443,15.86,US,SJC,75.93,86.37
167.172.223.14,167.172.223.14,443,14.87,US,SJC,69.99,77.26
104.129.167.255,20.55.47.19,443,14.75,US,IAD,35.7,31.15
163.192.22.57,163.192.22.57,443,14.52,US,SJC,81.56,93.92
146.190.56.83,146.190.56.83,443,14.11,US,SJC,81.52,104.37
104.129.167.255,20.55.47.19,2053,14.08,US,IAD,24.87,19.39
165.232.148.158,165.232.148.158,443,13.84,US,SJC,79.46,106.18
104.129.167.255,20.55.47.19,8443,13.81,US,IAD,20.88,25.17
104.129.167.255,20.55.47.19,2087,13.54,US,IAD,5.97,30.65
23.94.56.22,23.94.56.22,443,13.27,US,SEA,99.24,100.57
185.186.245.90,185.186.245.90,443,13.22,US,DFW,52.09,61.73
64.181.218.67,64.181.218.67,443,13.07,US,ORD,20.12,35.08
34.4.108.104,34.4.108.104,443,12.31,US,SEA,85.25,127.29
34.82.76.253,34.11.217.215,443,12.22,US,SEA,75.58,103.86
107.172.190.151,107.172.190.151,443,12.09,US,BUF,31.12,46.22
107.172.79.112,107.172.79.112,443,12.06,US,SJC,83.91,138.68
172.245.180.103,172.245.180.103,443,11.94,US,BUF,19.63,41.44
107.174.245.19,107.174.245.19,443,11.49,US,SEA,80.1,105.07
104.129.167.255,20.55.47.19,2096,11.43,US,IAD,1.79,41.29
159.89.182.67,159.89.182.67,443,9.98,US,EWR,20.78,32.99
104.168.87.130,104.168.87.130,443,8.98,US,SJC,82.05,84.0
104.238.129.180,104.238.129.180,443,8.89,US,EWR,9.89,12.36
107.174.70.130,107.174.70.130,443,8.86,US,BUF,20.07,54.12
104.129.167.255,20.55.47.19,2083,8.55,US,IAD,19.83,43.59
77.105.162.73,77.105.162.73,443,8.49,US,EWR,9.2,26.23
23.95.215.195,23.95.215.195,443,8.12,US,SJC,94.24,88.81
144.202.108.119,144.202.108.119,443,7.67,US,SJC,68.32,73.32
193.122.154.82,193.122.154.82,443,7.61,US,IAD,2.27,6.65
150.136.105.229,150.136.105.229,443,7.59,US,IAD,2.22,11.51
129.159.84.71,129.159.84.71,443,7.41,US,IAD,19.83,16.21
141.148.187.195,141.148.187.195,443,7.39,US,LAX,75.99,83.86
143.198.24.237,143.198.24.237,443,7.23,US,EWR,10.18,21.47
137.184.228.85,137.184.228.85,443,6.93,US,SJC,73.54,86.89
45.61.150.169,45.61.150.169,443,6.82,US,LAS,63.76,69.78
150.136.254.79,150.136.254.79,443,6.77,US,IAD,2.31,7.51
208.167.245.42,208.167.245.42,443,6.73,US,EWR,9.37,19.0
38.77.187.51,38.77.187.51,443,6.61,US,PHX,65.94,71.8
163.192.47.170,163.192.47.170,443,6.52,US,SJC,78.49,83.08
64.186.233.224,64.186.233.224,443,6.05,US,LAX,69.47,70.87
137.184.39.15,137.184.39.15,443,5.86,US,SJC,72.33,76.39
82.29.71.158,82.29.71.158,443,5.81,US,LAX,74.08,81.86
142.171.118.101,142.171.118.101,443,5.73,US,LAX,62.09,66.83
77.105.162.10,77.105.162.10,443,5.47,US,EWR,8.6,23.81
192.129.220.4,192.129.220.4,443,5.45,US,LAX,61.84,73.4
185.204.54.203,185.204.54.203,443,5.04,US,EWR,7.7,16.42
192.119.83.187,192.119.83.187,443,5.02,US,LAX,61.91,75.82
51.81.223.184,51.81.223.184,443,5.0,US,PDX,90.59,81.4
64.23.185.198,64.23.185.198,443,4.96,US,SJC,75.79,81.74
77.105.162.170,77.105.162.170,443,4.93,US,EWR,11.7,18.83
38.132.122.241,38.132.122.241,443,4.83,US,EWR,11.27,317.21
64.118.154.7,64.118.154.7,443,4.81,US,SJC,67.39,81.33
23.94.123.231,23.94.123.231,443,4.63,US,SJC,94.17,79.27
192.3.134.177,192.3.134.177,443,4.51,US,SJC,70.3,82.07
216.36.116.175,216.36.116.175,443,4.47,US,LAX,58.77,70.53
31.172.69.16,31.172.69.16,443,4.27,US,DFW,45.41,53.99
192.3.212.40,192.3.212.40,443,4.15,US,LAX,63.14,85.41
23.95.148.8,23.95.148.8,443,4.12,US,YYZ,23.64,79.94
172.245.182.112,172.245.182.112,443,4.01,US,ATL,16.48,27.85
185.45.195.83,185.45.195.83,443,3.92,US,LAX,61.79,69.79
107.175.209.186,107.175.209.186,443,3.91,US,BUF,23.65,42.25
163.192.44.187,163.192.44.187,443,3.8,US,SJC,73.91,78.52
129.146.46.164,129.146.46.164,443,3.73,US,LAX,66.87,76.3
64.181.227.82,64.181.227.82,443,3.72,US,SJC,71.08,113.19
173.249.207.151,173.249.207.151,443,3.69,US,SJC,68.23,74.12
23.95.18.184,23.95.18.184,443,3.67,US,SEA,97.35,121.27
192.9.157.76,2603:c024:c00c:633::f1e1,443,3.32,US,SJC,82.74,94.56
192.18.136.255,2603:c024:c00e:6588:2813:e25c:5935:82e1,443,3.26,US,SJC,73.15,76.12
31.59.136.223,31.59.136.223,443,3.21,US,PDX,73.98,150.31
192.193.104.25,192.193.104.22,443,3.18,US,DFW,54.53,70.44
172.245.53.232,172.245.53.232,443,3.0,US,SJC,74.33,88.43
72.249.205.119,72.249.205.119,443,2.9,US,LAS,94.34,80.92
129.159.34.196,2603:c024:c005:ec5f:0:e477:e6f:c726,443,2.79,US,SJC,72.83,76.76
38.244.45.74,38.244.45.74,443,2.77,US,LAX,66.26,75.16
165.232.51.34,165.232.51.34,443,2.75,US,SJC,77.45,82.64
64.181.255.215,64.181.255.215,443,2.54,US,SJC,71.87,83.63
34.105.49.234,34.11.217.215,443,2.49,US,SEA,73.41,88.97
169.197.94.149,169.197.94.149,443,2.4,US,EWR,14.19,21.32
43.162.119.244,43.162.119.244,443,2.37,US,SJC,73.1,83.27
107.174.40.115,107.174.40.115,443,2.36,US,LAX,82.23,93.53
192.161.60.5,192.161.60.5,443,2.21,US,LAX,65.48,113.86
192.9.139.160,192.9.139.160,443,2.11,US,SJC,72.49,81.19
147.182.229.237,147.182.229.237,443,2.08,US,SJC,77.34,101.73
96.8.121.29,96.8.121.29,443,1.98,US,SEA,86.43,389.06
185.28.175.51,185.28.175.51,443,1.85,US,MIA,30.81,144.05
23.95.88.103,23.95.88.103,443,1.42,US,SJC,88.05,91.82
38.65.9.104,38.65.9.104,443,1.09,US,LAX,55.56,63.01
